doc_id,source_file_name,source_path_current,size_bytes,page_count,pdf_kind
swhgz_b223221c4b63,[乾隆]庐州卫志（卷三）.pdf,<LOCAL_SOURCE_ROOT>/[乾隆]庐州卫志（卷三）.pdf,6787582,97,scanned_image_pdf_no_text_layer
swhgz_3c1ee20fbd50,[乾隆]庐州卫志（卷六）.pdf,<LOCAL_SOURCE_ROOT>/[乾隆]庐州卫志（卷六）.pdf,7909741,91,scanned_image_pdf_no_text_layer
swhgz_d32a5fdc156c,[乾隆]庐州卫志（卷四、卷五）.pdf,<LOCAL_SOURCE_ROOT>/[乾隆]庐州卫志（卷四、卷五）.pdf,8660312,99,scanned_image_pdf_no_text_layer
swhgz_7d7c8b11239f,[乾隆]庐州卫志（卷首、卷一、卷二）.pdf,<LOCAL_SOURCE_ROOT>/[乾隆]庐州卫志（卷首、卷一、卷二）.pdf,10874820,152,scanned_image_pdf_no_text_layer
swhgz_80b4d3fb7c2f,[光绪]无锡斗门小志.pdf,<LOCAL_SOURCE_ROOT>/[光绪]无锡斗门小志.pdf,5779854,78,scanned_image_pdf_no_text_layer
swhgz_34aaf204b2c3,[光绪]重修安徽通志总目录.pdf,<LOCAL_SOURCE_ROOT>/[光绪]重修安徽通志总目录.pdf,601930,15,scanned_image_pdf_no_text_layer
swhgz_9c6ab1121e86,[光绪]重修安徽通志（卷一一六至卷一四九）.pdf,<LOCAL_SOURCE_ROOT>/[光绪]重修安徽通志（卷一一六至卷一四九）.pdf,27563310,385,scanned_image_pdf_no_text_layer
swhgz_d859501fbab5,[光绪]重修安徽通志（卷一五〇至卷一八二）.pdf,<LOCAL_SOURCE_ROOT>/[光绪]重修安徽通志（卷一五〇至卷一八二）.pdf,33347236,388,scanned_image_pdf_no_text_layer
swhgz_a99a6d750575,[光绪]重修安徽通志（卷一八三至卷二二三）.pdf,<LOCAL_SOURCE_ROOT>/[光绪]重修安徽通志（卷一八三至卷二二三）.pdf,40885265,409,scanned_image_pdf_no_text_layer
swhgz_010853fe1079,[光绪]重修安徽通志（卷一至卷三十八）.pdf,<LOCAL_SOURCE_ROOT>/[光绪]重修安徽通志（卷一至卷三十八）.pdf,35391171,395,scanned_image_pdf_no_text_layer
swhgz_b660f440b903,[光绪]重修安徽通志（卷三二八至卷三五〇 补遗十.pdf,<LOCAL_SOURCE_ROOT>/[光绪]重修安徽通志（卷三二八至卷三五〇 补遗十.pdf,35459623,390,scanned_image_pdf_no_text_layer
swhgz_396a8fd1f546,[光绪]重修安徽通志（卷三十九至卷八十一）.pdf,<LOCAL_SOURCE_ROOT>/[光绪]重修安徽通志（卷三十九至卷八十一）.pdf,35621655,385,scanned_image_pdf_no_text_layer
swhgz_58fb03b924e2,[光绪]重修安徽通志（卷二九五至卷三二七）.pdf,<LOCAL_SOURCE_ROOT>/[光绪]重修安徽通志（卷二九五至卷三二七）.pdf,37489245,396,scanned_image_pdf_no_text_layer
swhgz_35461a41179d,[光绪]重修安徽通志（卷二二四至卷二六二）.pdf,<LOCAL_SOURCE_ROOT>/[光绪]重修安徽通志（卷二二四至卷二六二）.pdf,38835630,405,scanned_image_pdf_no_text_layer
swhgz_4380a5ed2897,[光绪]重修安徽通志（卷二六三至卷二九四）.pdf,<LOCAL_SOURCE_ROOT>/[光绪]重修安徽通志（卷二六三至卷二九四）.pdf,35040915,383,scanned_image_pdf_no_text_layer
swhgz_bab7e699defa,[光绪]重修安徽通志（卷八十二至卷一一五）.pdf,<LOCAL_SOURCE_ROOT>/[光绪]重修安徽通志（卷八十二至卷一一五）.pdf,39520620,397,scanned_image_pdf_no_text_layer
swhgz_d305d807f660,[崇祯]松江府志（上、下册）.pdf,<LOCAL_SOURCE_ROOT>/[崇祯]松江府志（上、下册）.pdf,49380180,1546,mostly_scanned_with_some_text
swhgz_ee2fb3e7a006,[民国]兴化县小通志.pdf,<LOCAL_SOURCE_ROOT>/[民国]兴化县小通志.pdf,9121814,193,scanned_image_pdf_no_text_layer
swhgz_64b66922b251,[民国]嘉定疁东志 [清]娄塘志·马陆志·石冈广福.pdf,<LOCAL_SOURCE_ROOT>/[民国]嘉定疁东志 [清]娄塘志·马陆志·石冈广福.pdf,32641250,703,scanned_image_pdf_no_text_layer
swhgz_2b8dea2e8261,[民国]杏花村续志.pdf,<LOCAL_SOURCE_ROOT>/[民国]杏花村续志.pdf,8746870,154,scanned_image_pdf_no_text_layer
swhgz_b94ea7900eb8,上海军事志.pdf,<LOCAL_SOURCE_ROOT>/上海军事志.pdf,28576292,636,scanned_image_pdf_no_text_layer
swhgz_56f4b0d92bf6,上海地方志概述.pdf,<LOCAL_SOURCE_ROOT>/上海地方志概述.pdf,3535410,100,mostly_scanned_with_some_text
swhgz_a7b06136a24b,上海小志 上海乡土志 夷患备尝记.pdf,<LOCAL_SOURCE_ROOT>/上海小志 上海乡土志 夷患备尝记.pdf,2896758,164,scanned_image_pdf_no_text_layer
swhgz_d50b509459de,上海市区方言志.pdf,<LOCAL_SOURCE_ROOT>/上海市区方言志.pdf,15803831,595,scanned_image_pdf_no_text_layer
swhgz_086c7424af08,上海方志提要.pdf,<LOCAL_SOURCE_ROOT>/上海方志提要.pdf,32511616,716,mostly_scanned_with_some_text
swhgz_194d53ffb449,上海方志资料考录.pdf,<LOCAL_SOURCE_ROOT>/上海方志资料考录.pdf,8308342,536,scanned_image_pdf_no_text_layer
swhgz_e36975ff0401,上海方志通考.pdf,<LOCAL_SOURCE_ROOT>/上海方志通考.pdf,49273606,483,mostly_scanned_with_some_text
swhgz_59e784f2f8ec,上海越剧志.pdf,<LOCAL_SOURCE_ROOT>/上海越剧志.pdf,34650847,469,scanned_image_pdf_no_text_layer
swhgz_7da4356cecef,上海通志馆期刊 第一卷（1-4期）.pdf,<LOCAL_SOURCE_ROOT>/上海通志馆期刊 第一卷（1-4期）.pdf,31305258,1188,scanned_image_pdf_no_text_layer
swhgz_6979c479564b,上海通志馆期刊 第二卷（1-4期）.pdf,<LOCAL_SOURCE_ROOT>/上海通志馆期刊 第二卷（1-4期）.pdf,41494030,1514,scanned_image_pdf_no_text_layer
swhgz_79532a3e5a62,上海风土杂记.pdf,<LOCAL_SOURCE_ROOT>/上海风土杂记.pdf,13967163,104,scanned_image_pdf_no_text_layer
swhgz_5b48c0f1af65,东台县志（一、二、三、四册）.pdf,<LOCAL_SOURCE_ROOT>/东台县志（一、二、三、四册）.pdf,31731175,1638,scanned_image_pdf_no_text_layer
swhgz_135e9d421191,丰南志.pdf,<LOCAL_SOURCE_ROOT>/丰南志.pdf,8068909,352,scanned_image_pdf_no_text_layer
swhgz_b5b01d47db78,丰县志（二、三册）.pdf,<LOCAL_SOURCE_ROOT>/丰县志（二、三册）.pdf,9190326,365,scanned_image_pdf_no_text_layer
swhgz_b1bbbb1bf79b,乾隆元和县志.pdf,<LOCAL_SOURCE_ROOT>/乾隆元和县志.pdf,19649426,519,mostly_scanned_with_some_text
swhgz_4b8b778deca8,乾隆太平府志.pdf,<LOCAL_SOURCE_ROOT>/乾隆太平府志.pdf,35202973,798,scanned_image_pdf_no_text_layer
swhgz_c441542415e4,乾隆歙县志（1-5册）.pdf,<LOCAL_SOURCE_ROOT>/乾隆歙县志（1-5册）.pdf,50687902,1841,scanned_image_pdf_no_text_layer
swhgz_a10faca00a14,乾隆江都县志 嘉庆江都县续志.pdf,<LOCAL_SOURCE_ROOT>/乾隆江都县志 嘉庆江都县续志.pdf,28873534,642,mostly_scanned_with_some_text
swhgz_721903ff0adb,乾隆池州府志.pdf,<LOCAL_SOURCE_ROOT>/乾隆池州府志.pdf,31335899,760,scanned_image_pdf_no_text_layer
swhgz_36c07226b833,乾隆灵璧县志略 乾隆泗州志 光绪泗虹合志.pdf,<LOCAL_SOURCE_ROOT>/乾隆灵璧县志略 乾隆泗州志 光绪泗虹合志.pdf,22584400,655,scanned_image_pdf_no_text_layer
swhgz_5014bc8e1ae2,乾隆砀山县志 嘉庆萧县志 同治续萧县志.pdf,<LOCAL_SOURCE_ROOT>/乾隆砀山县志 嘉庆萧县志 同治续萧县志.pdf,29534120,763,scanned_image_pdf_no_text_layer
swhgz_462a5f8228e6,乾隆镇江府志（一）.pdf,<LOCAL_SOURCE_ROOT>/乾隆镇江府志（一）.pdf,20027121,672,mostly_scanned_with_some_text
swhgz_77edfaac7df5,乾隆镇江府志（二）.pdf,<LOCAL_SOURCE_ROOT>/乾隆镇江府志（二）.pdf,24056925,680,mostly_scanned_with_some_text
swhgz_e92ab527a726,乾隆长洲县志.pdf,<LOCAL_SOURCE_ROOT>/乾隆长洲县志.pdf,19607576,484,mostly_scanned_with_some_text
swhgz_3840ed281583,乾隆震泽县志 震泽县志续 垂虹识小录.pdf,<LOCAL_SOURCE_ROOT>/乾隆震泽县志 震泽县志续 垂虹识小录.pdf,20091781,522,mostly_scanned_with_some_text
swhgz_98e99d6d6d85,乾隆颍州府志.pdf,<LOCAL_SOURCE_ROOT>/乾隆颍州府志.pdf,20723700,638,scanned_image_pdf_no_text_layer
swhgz_bfb13639790a,京杭运河志（苏北段）.pdf,<LOCAL_SOURCE_ROOT>/京杭运河志（苏北段）.pdf,13314050,836,scanned_image_pdf_no_text_layer
swhgz_b3b7134c55ff,仰山乘.pdf,<LOCAL_SOURCE_ROOT>/仰山乘.pdf,7257935,420,scanned_image_pdf_no_text_layer
swhgz_02cd43db2f7d,光绪丰县志 光绪睢宁县志稿 光绪赣榆县志 民国赣.pdf,<LOCAL_SOURCE_ROOT>/光绪丰县志 光绪睢宁县志稿 光绪赣榆县志 民国赣.pdf,33201591,768,mostly_scanned_with_some_text
swhgz_23f4ebfacebc,光绪丹徒县志(一).pdf,<LOCAL_SOURCE_ROOT>/光绪丹徒县志(一).pdf,35748565,832,mostly_scanned_with_some_text
swhgz_cecea3122abc,光绪丹徒县志(二) 民国续丹徒县志.pdf,<LOCAL_SOURCE_ROOT>/光绪丹徒县志(二) 民国续丹徒县志.pdf,37314319,842,mostly_scanned_with_some_text
swhgz_27bb5500565a,光绪丹阳县志 民国丹阳县志补遗 民国丹阳县续志.pdf,<LOCAL_SOURCE_ROOT>/光绪丹阳县志 民国丹阳县志补遗 民国丹阳县续志.pdf,30196329,707,mostly_scanned_with_some_text
swhgz_1377ee49ed30,光绪亳州志 民国毫县志略.pdf,<LOCAL_SOURCE_ROOT>/光绪亳州志 民国毫县志略.pdf,22557959,572,scanned_image_pdf_no_text_layer
swhgz_284a592d55a0,光绪六合县志 民国六合县续志稿 民国棠志拾遗.pdf,<LOCAL_SOURCE_ROOT>/光绪六合县志 民国六合县续志稿 民国棠志拾遗.pdf,42604984,554,scanned_image_pdf_no_text_layer
swhgz_e68d226c73fb,光绪再续高邮州志 民国三续高邮州志 高邮志馀 高.pdf,<LOCAL_SOURCE_ROOT>/光绪再续高邮州志 民国三续高邮州志 高邮志馀 高.pdf,31793558,889,mostly_scanned_with_some_text
swhgz_9e246429084d,光绪凤台县志 涡阳风土记 民国重修蒙城县志.pdf,<LOCAL_SOURCE_ROOT>/光绪凤台县志 涡阳风土记 民国重修蒙城县志.pdf,36599863,905,scanned_image_pdf_no_text_layer
swhgz_609164c09776,光绪凤阳府志（一）.pdf,<LOCAL_SOURCE_ROOT>/光绪凤阳府志（一）.pdf,15345892,534,scanned_image_pdf_no_text_layer
swhgz_6c1ad1405f0d,光绪凤阳府志（二）.pdf,<LOCAL_SOURCE_ROOT>/光绪凤阳府志（二）.pdf,20483633,495,scanned_image_pdf_no_text_layer
swhgz_b9e4a5a78b9f,光绪吴江县续志 乾隆吴江县志(二).pdf,<LOCAL_SOURCE_ROOT>/光绪吴江县续志 乾隆吴江县志(二).pdf,26377916,576,mostly_scanned_with_some_text
swhgz_8a46b83cc244,光绪增修甘泉县志(一).pdf,<LOCAL_SOURCE_ROOT>/光绪增修甘泉县志(一).pdf,33001754,766,mostly_scanned_with_some_text
swhgz_2e29906c0798,光绪增修甘泉县志(二) 民国甘泉县续志.pdf,<LOCAL_SOURCE_ROOT>/光绪增修甘泉县志(二) 民国甘泉县续志.pdf,26948945,584,mostly_scanned_with_some_text
swhgz_4d22e0ff90a8,光绪宜兴荆溪县新志 光宣宜荆续志.pdf,<LOCAL_SOURCE_ROOT>/光绪宜兴荆溪县新志 光宣宜荆续志.pdf,29827118,606,mostly_scanned_with_some_text
swhgz_59d998ee0d46,光绪宿州志.pdf,<LOCAL_SOURCE_ROOT>/光绪宿州志.pdf,20574564,668,scanned_image_pdf_no_text_layer
swhgz_9e5b5219867a,光绪寿州志.pdf,<LOCAL_SOURCE_ROOT>/光绪寿州志.pdf,27228943,590,scanned_image_pdf_no_text_layer
swhgz_e39563e466cf,光绪常昭合志稿.pdf,<LOCAL_SOURCE_ROOT>/光绪常昭合志稿.pdf,36660748,854,mostly_scanned_with_some_text
swhgz_d1fca2e2ad0e,光绪广德州志 民国广德县志稿.pdf,<LOCAL_SOURCE_ROOT>/光绪广德州志 民国广德县志稿.pdf,39314405,924,scanned_image_pdf_no_text_layer
swhgz_635b99050e51,光绪庐江县志.pdf,<LOCAL_SOURCE_ROOT>/光绪庐江县志.pdf,22071716,622,scanned_image_pdf_no_text_layer
swhgz_cd80f19ea162,光绪无锡金匮县志.pdf,<LOCAL_SOURCE_ROOT>/光绪无锡金匮县志.pdf,33300979,805,scanned_image_pdf_no_text_layer
swhgz_93cea781498e,光绪昆新两县续修合志(一).pdf,<LOCAL_SOURCE_ROOT>/光绪昆新两县续修合志(一).pdf,29762872,633,mostly_scanned_with_some_text
swhgz_688466144ca3,光绪昆新两县续修合志（二） 民国昆新两县续补合.pdf,<LOCAL_SOURCE_ROOT>/光绪昆新两县续修合志（二） 民国昆新两县续补合.pdf,28407904,635,scanned_image_pdf_no_text_layer
swhgz_7974a6bea2ae,光绪武进阳湖县志.pdf,<LOCAL_SOURCE_ROOT>/光绪武进阳湖县志.pdf,33932837,780,mostly_scanned_with_some_text
swhgz_504f20948a55,光绪武阳志馀.pdf,<LOCAL_SOURCE_ROOT>/光绪武阳志馀.pdf,31930928,742,mostly_scanned_with_some_text
swhgz_d81fc803025a,光绪江浦埤乘 光绪靖江县志（一）.pdf,<LOCAL_SOURCE_ROOT>/光绪江浦埤乘 光绪靖江县志（一）.pdf,31838092,415,scanned_image_pdf_no_text_layer
swhgz_8346e3da60c6,光绪江浦埤乘 光绪靖江县志（二）.pdf,<LOCAL_SOURCE_ROOT>/光绪江浦埤乘 光绪靖江县志（二）.pdf,26685766,380,scanned_image_pdf_no_text_layer
swhgz_2177913fe4c8,光绪江都县志 民国江都县续志 民国江都县新志.pdf,<LOCAL_SOURCE_ROOT>/光绪江都县志 民国江都县续志 民国江都县新志.pdf,38113563,908,mostly_scanned_with_some_text
swhgz_6a0b63c13a78,光绪江阴县志.pdf,<LOCAL_SOURCE_ROOT>/光绪江阴县志.pdf,33873180,834,mostly_scanned_with_some_text
swhgz_bdc795f6790d,光绪盐城县志 民国续修盐城县志稿 民国盐城续志.pdf,<LOCAL_SOURCE_ROOT>/光绪盐城县志 民国续修盐城县志稿 民国盐城续志.pdf,20094279,487,scanned_image_pdf_no_text_layer
swhgz_a55ccca1f974,光绪直隶和州志.pdf,<LOCAL_SOURCE_ROOT>/光绪直隶和州志.pdf,22739143,618,scanned_image_pdf_no_text_layer
swhgz_72bae27bc6f6,光绪续修庐州府志（一）.pdf,<LOCAL_SOURCE_ROOT>/光绪续修庐州府志（一）.pdf,30925925,695,scanned_image_pdf_no_text_layer
swhgz_5657347b4894,光绪续修庐州府志（三）.pdf,<LOCAL_SOURCE_ROOT>/光绪续修庐州府志（三）.pdf,26383233,660,scanned_image_pdf_no_text_layer
swhgz_895c6ab6e47e,光绪续修庐州府志（二）.pdf,<LOCAL_SOURCE_ROOT>/光绪续修庐州府志（二）.pdf,26817308,630,scanned_image_pdf_no_text_layer
swhgz_4aea73b09938,光绪续纂句容县志.pdf,<LOCAL_SOURCE_ROOT>/光绪续纂句容县志.pdf,32132156,614,mostly_scanned_with_some_text
swhgz_81e8f14261bc,光绪贵池县志.pdf,<LOCAL_SOURCE_ROOT>/光绪贵池县志.pdf,25092211,616,scanned_image_pdf_no_text_layer
swhgz_0ba378d67edb,光绪霍山县志 乾隆望江县志.pdf,<LOCAL_SOURCE_ROOT>/光绪霍山县志 乾隆望江县志.pdf,27745259,702,scanned_image_pdf_no_text_layer
swhgz_e77f3d575a60,光绪青阳县志 青阳县志刊误补遗.pdf,<LOCAL_SOURCE_ROOT>/光绪青阳县志 青阳县志刊误补遗.pdf,23975562,622,scanned_image_pdf_no_text_layer
swhgz_6a7cf18fdfc3,兴化方言志.pdf,<LOCAL_SOURCE_ROOT>/兴化方言志.pdf,1557947,27,scanned_image_pdf_no_text_layer
swhgz_709a42d560e4,凤阳县志略（全）.pdf,<LOCAL_SOURCE_ROOT>/凤阳县志略（全）.pdf,1072999,52,scanned_image_pdf_no_text_layer
swhgz_ea0ca522148a,华亭县乡土志.doc,<LOCAL_SOURCE_ROOT>/华亭县乡土志.doc,12098560,,
swhgz_93134ea56028,南京二轻工业志（一）.pdf,<LOCAL_SOURCE_ROOT>/南京二轻工业志（一）.pdf,28297400,146,scanned_image_pdf_no_text_layer
swhgz_071758437bce,南京二轻工业志（二）.pdf,<LOCAL_SOURCE_ROOT>/南京二轻工业志（二）.pdf,23588456,123,scanned_image_pdf_no_text_layer
swhgz_319c9b10cbb4,南京交通志（一）.pdf,<LOCAL_SOURCE_ROOT>/南京交通志（一）.pdf,44760475,199,scanned_image_pdf_no_text_layer
swhgz_1c5a2907798a,南京交通志（二）.pdf,<LOCAL_SOURCE_ROOT>/南京交通志（二）.pdf,38610051,204,scanned_image_pdf_no_text_layer
swhgz_ce0f098ce7c9,南京人物志（一）.pdf,<LOCAL_SOURCE_ROOT>/南京人物志（一）.pdf,47893287,165,scanned_image_pdf_no_text_layer
swhgz_d4027b2375b2,南京人物志（三）.pdf,<LOCAL_SOURCE_ROOT>/南京人物志（三）.pdf,48866436,150,scanned_image_pdf_no_text_layer
swhgz_677cfb6e12f9,南京人物志（二）.pdf,<LOCAL_SOURCE_ROOT>/南京人物志（二）.pdf,48464183,144,scanned_image_pdf_no_text_layer
swhgz_6ee8179962b4,南京人物志（五）.pdf,<LOCAL_SOURCE_ROOT>/南京人物志（五）.pdf,38858465,186,scanned_image_pdf_no_text_layer
swhgz_ac39867a12b3,南京人物志（四）.pdf,<LOCAL_SOURCE_ROOT>/南京人物志（四）.pdf,44447106,180,scanned_image_pdf_no_text_layer
swhgz_cf9548fe4fa1,南京公安志（一）.pdf,<LOCAL_SOURCE_ROOT>/南京公安志（一）.pdf,43102446,172,scanned_image_pdf_no_text_layer
swhgz_d99f6be48b13,南京公安志（二）.pdf,<LOCAL_SOURCE_ROOT>/南京公安志（二）.pdf,31465115,109,scanned_image_pdf_no_text_layer
swhgz_dfbe34d9c029,南京公用事业志.pdf,<LOCAL_SOURCE_ROOT>/南京公用事业志.pdf,43636923,215,scanned_image_pdf_no_text_layer
swhgz_67670ed9d45b,南京工会志.pdf,<LOCAL_SOURCE_ROOT>/南京工会志.pdf,12816106,500,scanned_image_pdf_no_text_layer
swhgz_9b9d520e108f,南京建筑志.pdf,<LOCAL_SOURCE_ROOT>/南京建筑志.pdf,40118044,313,scanned_image_pdf_no_text_layer
swhgz_4c1c359217c6,南京建置志（一）.pdf,<LOCAL_SOURCE_ROOT>/南京建置志（一）.pdf,44800656,198,mostly_scanned_with_some_text
swhgz_752e99b43244,南京建置志（二）.pdf,<LOCAL_SOURCE_ROOT>/南京建置志（二）.pdf,41988120,189,scanned_image_pdf_no_text_layer
swhgz_edb7b03e1ac6,南京方言志.pdf,<LOCAL_SOURCE_ROOT>/南京方言志.pdf,4950970,322,mostly_scanned_with_some_text
swhgz_c7f86fcb8679,南京日用工业品商业志.pdf,<LOCAL_SOURCE_ROOT>/南京日用工业品商业志.pdf,44339345,222,scanned_image_pdf_no_text_layer
swhgz_106a43149380,南京民俗志.pdf,<LOCAL_SOURCE_ROOT>/南京民俗志.pdf,43820323,173,scanned_image_pdf_no_text_layer
swhgz_5696d3b67032,南京海关志.pdf,<LOCAL_SOURCE_ROOT>/南京海关志.pdf,5219145,261,scanned_image_pdf_no_text_layer
swhgz_b9eccaf963f0,南京蔬菜志.pdf,<LOCAL_SOURCE_ROOT>/南京蔬菜志.pdf,40897195,197,scanned_image_pdf_no_text_layer
swhgz_ca2d73827e04,南汇县志.pdf,<LOCAL_SOURCE_ROOT>/南汇县志.pdf,33176718,909,mostly_scanned_with_some_text
swhgz_24145e1ad2fb,南翔镇志.pdf,<LOCAL_SOURCE_ROOT>/南翔镇志.pdf,4856373,235,scanned_image_pdf_no_text_layer
swhgz_4ac51b958ea2,同治上江两县志（一）.pdf,<LOCAL_SOURCE_ROOT>/同治上江两县志（一）.pdf,39108632,411,scanned_image_pdf_no_text_layer
swhgz_cc251d971369,同治上江两县志（二）.pdf,<LOCAL_SOURCE_ROOT>/同治上江两县志（二）.pdf,24599745,268,scanned_image_pdf_no_text_layer
swhgz_fa3c1bc83d3f,同治六安州志（一）.pdf,<LOCAL_SOURCE_ROOT>/同治六安州志（一）.pdf,22688794,645,scanned_image_pdf_no_text_layer
swhgz_5c9c25148f0f,同治六安州志（二）.pdf,<LOCAL_SOURCE_ROOT>/同治六安州志（二）.pdf,21784959,598,scanned_image_pdf_no_text_layer
swhgz_cb11831075f1,同治徐州府志.pdf,<LOCAL_SOURCE_ROOT>/同治徐州府志.pdf,41857453,875,mostly_scanned_with_some_text
swhgz_f7e7f0f2fa93,同治祁门县志 光绪祁门县志补.pdf,<LOCAL_SOURCE_ROOT>/同治祁门县志 光绪祁门县志补.pdf,20375994,579,scanned_image_pdf_no_text_layer
swhgz_7966ebc72012,同治祁门县志（1-4册）.pdf,<LOCAL_SOURCE_ROOT>/同治祁门县志（1-4册）.pdf,30286583,1411,scanned_image_pdf_no_text_layer
swhgz_f216bd224dbe,同治续纂江宁府志（一）.pdf,<LOCAL_SOURCE_ROOT>/同治续纂江宁府志（一）.pdf,34633595,341,scanned_image_pdf_no_text_layer
swhgz_ccb01215e666,同治续纂江宁府志（二）.pdf,<LOCAL_SOURCE_ROOT>/同治续纂江宁府志（二）.pdf,28087058,259,scanned_image_pdf_no_text_layer
swhgz_5c6479cd6109,同治苏州府志（一）-1.pdf,<LOCAL_SOURCE_ROOT>/同治苏州府志（一）-1.pdf,38030389,453,scanned_image_pdf_no_text_layer
swhgz_af8a0745c468,同治苏州府志（一）-2.pdf,<LOCAL_SOURCE_ROOT>/同治苏州府志（一）-2.pdf,31229713,455,scanned_image_pdf_no_text_layer
swhgz_7d15996a7bea,同治苏州府志（三）.pdf,<LOCAL_SOURCE_ROOT>/同治苏州府志（三）.pdf,35556154,920,scanned_image_pdf_no_text_layer
swhgz_d0dcd83dc625,同治苏州府志（二）.pdf,<LOCAL_SOURCE_ROOT>/同治苏州府志（二）.pdf,32886293,859,scanned_image_pdf_no_text_layer
swhgz_ba23e2d6bef4,同治苏州府志（四）.pdf,<LOCAL_SOURCE_ROOT>/同治苏州府志（四）.pdf,31477165,802,scanned_image_pdf_no_text_layer
swhgz_6cdf4a94b2bb,同治霍邱县志.pdf,<LOCAL_SOURCE_ROOT>/同治霍邱县志.pdf,18511463,569,scanned_image_pdf_no_text_layer
swhgz_5268f2d3bb6e,同治颍上县志 颍上县志校补 民国临泉县志略 民国.pdf,<LOCAL_SOURCE_ROOT>/同治颍上县志 颍上县志校补 民国临泉县志略 民国.pdf,20515422,590,scanned_image_pdf_no_text_layer
swhgz_be2ae19bb9b7,同治黟县三志（一、二册）.pdf,<LOCAL_SOURCE_ROOT>/同治黟县三志（一、二册）.pdf,27486712,704,scanned_image_pdf_no_text_layer
swhgz_1e2f8fe256ad,吴中人物志.pdf,<LOCAL_SOURCE_ROOT>/吴中人物志.pdf,12249751,144,scanned_image_pdf_no_text_layer
swhgz_3fdf362d46a7,吴地记.pdf,<LOCAL_SOURCE_ROOT>/吴地记.pdf,5834236,204,mostly_scanned_with_some_text
swhgz_b60ae4a839d0,吴趋访古录.pdf,<LOCAL_SOURCE_ROOT>/吴趋访古录.pdf,5691543,253,mostly_scanned_with_some_text
swhgz_acaf049692db,吴郡人物志.pdf,<LOCAL_SOURCE_ROOT>/吴郡人物志.pdf,10108812,755,mostly_scanned_with_some_text
swhgz_3bfb2dae551a,吴郡图经续记.pdf,<LOCAL_SOURCE_ROOT>/吴郡图经续记.pdf,9887606,130,scanned_image_pdf_no_text_layer
swhgz_2f9763651cf8,吴郡岁华纪丽.pdf,<LOCAL_SOURCE_ROOT>/吴郡岁华纪丽.pdf,13547705,438,mostly_scanned_with_some_text
swhgz_2b3b51d12404,吴郡志.pdf,<LOCAL_SOURCE_ROOT>/吴郡志.pdf,23678722,699,scanned_image_pdf_no_text_layer
swhgz_2fdc2efb0603,吴门表隐.pdf,<LOCAL_SOURCE_ROOT>/吴门表隐.pdf,15972273,500,mostly_scanned_with_some_text
swhgz_96d1efdcb700,咸丰重修兴化县志 民国续修兴化县志.pdf,<LOCAL_SOURCE_ROOT>/咸丰重修兴化县志 民国续修兴化县志.pdf,30063180,727,mostly_scanned_with_some_text
swhgz_ff2372e5051d,善和乡志.pdf,<LOCAL_SOURCE_ROOT>/善和乡志.pdf,4337775,147,scanned_image_pdf_no_text_layer
swhgz_41e345749dec,嘉定县志·方言.pdf,<LOCAL_SOURCE_ROOT>/嘉定县志·方言.pdf,2154657,40,scanned_image_pdf_no_text_layer
swhgz_451c31b51d61,嘉庆增修宜兴县旧志.pdf,<LOCAL_SOURCE_ROOT>/嘉庆增修宜兴县旧志.pdf,24778764,542,mostly_scanned_with_some_text
swhgz_d7bc20e597c9,嘉庆备修天长县志稿 光绪滁州志.pdf,<LOCAL_SOURCE_ROOT>/嘉庆备修天长县志稿 光绪滁州志.pdf,19528349,516,scanned_image_pdf_no_text_layer
swhgz_56015174e853,嘉庆宁国府志（一）.pdf,<LOCAL_SOURCE_ROOT>/嘉庆宁国府志（一）.pdf,20574498,585,scanned_image_pdf_no_text_layer
swhgz_faebfbaba241,嘉庆宁国府志（二）.pdf,<LOCAL_SOURCE_ROOT>/嘉庆宁国府志（二）.pdf,24336604,505,scanned_image_pdf_no_text_layer
swhgz_3f7d69b2ffc2,嘉庆庐州府志.pdf,<LOCAL_SOURCE_ROOT>/嘉庆庐州府志.pdf,31105562,731,scanned_image_pdf_no_text_layer
swhgz_cc2b69bd9e64,嘉庆怀远县志 光绪重修五河县志.pdf,<LOCAL_SOURCE_ROOT>/嘉庆怀远县志 光绪重修五河县志.pdf,27508842,671,scanned_image_pdf_no_text_layer
swhgz_64990ed74d6b,嘉庆旌德县志 道光旌德县续志.pdf,<LOCAL_SOURCE_ROOT>/嘉庆旌德县志 道光旌德县续志.pdf,21739816,508,scanned_image_pdf_no_text_layer
swhgz_9df443b09213,嘉庆无为州志 民国无为县小志.pdf,<LOCAL_SOURCE_ROOT>/嘉庆无为州志 民国无为县小志.pdf,17817151,454,scanned_image_pdf_no_text_layer
swhgz_1dbb5d1bc6f2,嘉庆海州直隶州志 道光云台新志.pdf,<LOCAL_SOURCE_ROOT>/嘉庆海州直隶州志 道光云台新志.pdf,32199939,758,mostly_scanned_with_some_text
swhgz_c2a074bcbf56,嘉庆溧阳县志 光绪溧阳县续志.pdf,<LOCAL_SOURCE_ROOT>/嘉庆溧阳县志 光绪溧阳县续志.pdf,29599013,638,mostly_scanned_with_some_text
swhgz_c260201da401,嘉庆舒城县志 光绪续修舒城县志.pdf,<LOCAL_SOURCE_ROOT>/嘉庆舒城县志 光绪续修舒城县志.pdf,32231802,930,scanned_image_pdf_no_text_layer
swhgz_88639995a583,嘉庆重修扬州府志(一).pdf,<LOCAL_SOURCE_ROOT>/嘉庆重修扬州府志(一).pdf,43125597,807,mostly_scanned_with_some_text
swhgz_95b35d28b2b2,嘉庆重修扬州府志(二) 同治续纂扬州府志.pdf,<LOCAL_SOURCE_ROOT>/嘉庆重修扬州府志(二) 同治续纂扬州府志.pdf,50854010,995,mostly_scanned_with_some_text
swhgz_34d2e475ff0a,嘉庆高邮州志 道光续增高邮州志.pdf,<LOCAL_SOURCE_ROOT>/嘉庆高邮州志 道光续增高邮州志.pdf,33343070,795,mostly_scanned_with_some_text
swhgz_ee865a6b17dd,嘉庆黟县志 道光黟县续志.pdf,<LOCAL_SOURCE_ROOT>/嘉庆黟县志 道光黟县续志.pdf,25045267,601,scanned_image_pdf_no_text_layer
swhgz_fc89cb41f807,嘉靖吴江县志.pdf,<LOCAL_SOURCE_ROOT>/嘉靖吴江县志.pdf,19805175,1423,scanned_image_pdf_no_text_layer
swhgz_80a6fe133d61,嘉靖天长县志.pdf,<LOCAL_SOURCE_ROOT>/嘉靖天长县志.pdf,7164662,510,scanned_image_pdf_no_text_layer
swhgz_db9db899fb96,嘉靖宿州志.pdf,<LOCAL_SOURCE_ROOT>/嘉靖宿州志.pdf,5177408,300,scanned_image_pdf_no_text_layer
swhgz_71663c86283e,嘉靖寿州志.pdf,<LOCAL_SOURCE_ROOT>/嘉靖寿州志.pdf,8473263,600,scanned_image_pdf_no_text_layer
swhgz_74203a815632,嘉靖建平县志.pdf,<LOCAL_SOURCE_ROOT>/嘉靖建平县志.pdf,5530985,350,scanned_image_pdf_no_text_layer
swhgz_e20cd3dc14fe,嘉靖徽州府志.pdf,<LOCAL_SOURCE_ROOT>/嘉靖徽州府志.pdf,15738637,371,scanned_image_pdf_no_text_layer
swhgz_918f2b7d3566,嘉靖江阴县志.pdf,<LOCAL_SOURCE_ROOT>/嘉靖江阴县志.pdf,34251743,1000,scanned_image_pdf_no_text_layer
swhgz_a328ae69bd69,嘉靖池州府志.pdf,<LOCAL_SOURCE_ROOT>/嘉靖池州府志.pdf,15984606,720,scanned_image_pdf_no_text_layer
swhgz_2ed388d075fc,太仓州志（1-6册）.pdf,<LOCAL_SOURCE_ROOT>/太仓州志（1-6册）.pdf,45044487,2173,scanned_image_pdf_no_text_layer
swhgz_c8fb2dc99eb2,太和县志（一、二、三册）.pdf,<LOCAL_SOURCE_ROOT>/太和县志（一、二、三册）.pdf,23426525,1146,mostly_scanned_with_some_text
swhgz_982b70991332,太平府志（一、二册）.pdf,<LOCAL_SOURCE_ROOT>/太平府志（一、二册）.pdf,28270160,747,scanned_image_pdf_no_text_layer
swhgz_0e8599e2a0c9,太湖备考.pdf,<LOCAL_SOURCE_ROOT>/太湖备考.pdf,20480763,743,mostly_scanned_with_some_text
swhgz_21db67da8393,奉贤县志（1-3册）.pdf,<LOCAL_SOURCE_ROOT>/奉贤县志（1-3册）.pdf,24190783,1100,scanned_image_pdf_no_text_layer
swhgz_0a10d8583132,安亭志.pdf,<LOCAL_SOURCE_ROOT>/安亭志.pdf,7439754,384,scanned_image_pdf_no_text_layer
swhgz_5d038bf5fbca,安庆地区志.pdf,<LOCAL_SOURCE_ROOT>/安庆地区志.pdf,52325747,1450,mostly_scanned_with_some_text
swhgz_df175ccca4d5,安庆市郊区志.pdf,<LOCAL_SOURCE_ROOT>/安庆市郊区志.pdf,18891076,437,mostly_scanned_with_some_text
swhgz_29ee7be00abe,安徽方志考略.pdf,<LOCAL_SOURCE_ROOT>/安徽方志考略.pdf,3009552,140,scanned_image_pdf_no_text_layer
swhgz_b5bc8b872bba,安徽省 临泉县志.pdf,<LOCAL_SOURCE_ROOT>/安徽省 临泉县志.pdf,34811106,604,mostly_scanned_with_some_text
swhgz_c8c7814b4978,安徽省 休宁县志.pdf,<LOCAL_SOURCE_ROOT>/安徽省 休宁县志.pdf,14347641,674,mostly_scanned_with_some_text
swhgz_aa3ae6f4914c,安徽省 全椒县志.pdf,<LOCAL_SOURCE_ROOT>/安徽省 全椒县志.pdf,25488230,745,mostly_scanned_with_some_text
swhgz_220193bc961a,安徽省 利辛县志.pdf,<LOCAL_SOURCE_ROOT>/安徽省 利辛县志.pdf,33199545,526,searchable_text_pdf
swhgz_010ea4fb518e,安徽省 含山县志.pdf,<LOCAL_SOURCE_ROOT>/安徽省 含山县志.pdf,22924181,709,mostly_scanned_with_some_text
swhgz_ec4e293030d0,安徽省 固镇县志.pdf,<LOCAL_SOURCE_ROOT>/安徽省 固镇县志.pdf,17281468,525,mostly_scanned_with_some_text
swhgz_426e963a05ed,安徽省 天长县志（上）.pdf,<LOCAL_SOURCE_ROOT>/安徽省 天长县志（上）.pdf,8627749,244,scanned_image_pdf_no_text_layer
swhgz_1ed603a2795c,安徽省 太湖县志（一）.pdf,<LOCAL_SOURCE_ROOT>/安徽省 太湖县志（一）.pdf,30893605,402,scanned_image_pdf_no_text_layer
swhgz_6c263b4d7ca2,安徽省 太湖县志（二）.pdf,<LOCAL_SOURCE_ROOT>/安徽省 太湖县志（二）.pdf,49994947,384,scanned_image_pdf_no_text_layer
swhgz_14f88ff3a305,安徽省 岳西县志.pdf,<LOCAL_SOURCE_ROOT>/安徽省 岳西县志.pdf,49126289,657,scanned_image_pdf_no_text_layer
swhgz_bb523a854c90,安徽省 怀远县志.pdf,<LOCAL_SOURCE_ROOT>/安徽省 怀远县志.pdf,18602667,655,mostly_scanned_with_some_text
swhgz_523eb8b105f6,安徽省 旌德县志.pdf,<LOCAL_SOURCE_ROOT>/安徽省 旌德县志.pdf,18000216,675,mostly_scanned_with_some_text
swhgz_321865661e46,安徽省 枞阳县志.doc,<LOCAL_SOURCE_ROOT>/安徽省 枞阳县志.doc,1036288,,
swhgz_edb921c68f10,安徽省 歙县志.pdf,<LOCAL_SOURCE_ROOT>/安徽省 歙县志.pdf,5453762,1373,searchable_text_pdf
swhgz_b88c7f0d148c,安徽省 涡阳县志.pdf,<LOCAL_SOURCE_ROOT>/安徽省 涡阳县志.pdf,22456203,825,scanned_image_pdf_no_text_layer
swhgz_2d4501c89253,安徽省 界首县志.pdf,<LOCAL_SOURCE_ROOT>/安徽省 界首县志.pdf,17584114,603,mostly_scanned_with_some_text
swhgz_e9380e72683d,安徽省 繁昌县志.pdf,<LOCAL_SOURCE_ROOT>/安徽省 繁昌县志.pdf,15496678,529,mostly_scanned_with_some_text
swhgz_2469fe113ddc,安徽省 绩溪县志.pdf,<LOCAL_SOURCE_ROOT>/安徽省 绩溪县志.pdf,36032170,1156,scanned_image_pdf_no_text_layer
swhgz_2105e4406ce6,安徽省 肥东县志.pdf,<LOCAL_SOURCE_ROOT>/安徽省 肥东县志.pdf,21493971,740,scanned_image_pdf_no_text_layer
swhgz_3d756bd456ea,安徽省 舒城县志.pdf,<LOCAL_SOURCE_ROOT>/安徽省 舒城县志.pdf,23152056,732,mostly_scanned_with_some_text
swhgz_2b3b55e4da0e,安徽省 蒙城县志.pdf,<LOCAL_SOURCE_ROOT>/安徽省 蒙城县志.pdf,16945766,579,mostly_scanned_with_some_text
swhgz_86e9c0c49264,安徽省 金寨县志.pdf,<LOCAL_SOURCE_ROOT>/安徽省 金寨县志.pdf,30287309,858,scanned_image_pdf_no_text_layer
swhgz_dc69ac91808b,安徽省 长丰县志.pdf,<LOCAL_SOURCE_ROOT>/安徽省 长丰县志.pdf,49983402,770,searchable_text_pdf
swhgz_38170afba7cf,安徽省 阜南县志.pdf,<LOCAL_SOURCE_ROOT>/安徽省 阜南县志.pdf,28444905,542,searchable_text_pdf
swhgz_59f7dbcb00e7,安徽省 青阳县志.pdf,<LOCAL_SOURCE_ROOT>/安徽省 青阳县志.pdf,19391014,648,mostly_scanned_with_some_text
swhgz_1838ae8b9073,安徽省 黟县志.pdf,<LOCAL_SOURCE_ROOT>/安徽省 黟县志.pdf,22096224,667,scanned_image_pdf_no_text_layer
swhgz_3e471b391a77,安徽省志·军事志.pdf,<LOCAL_SOURCE_ROOT>/安徽省志·军事志.pdf,27836269,871,mostly_scanned_with_some_text
swhgz_185d8973b1fb,安徽省志·建材工业志.pdf,<LOCAL_SOURCE_ROOT>/安徽省志·建材工业志.pdf,20546306,462,mostly_scanned_with_some_text
swhgz_4155a9c7d10f,安徽省志·总目录.pdf,<LOCAL_SOURCE_ROOT>/安徽省志·总目录.pdf,5588445,322,scanned_image_pdf_no_text_layer
swhgz_b946b1f4dead,安徽省志·文物志.pdf,<LOCAL_SOURCE_ROOT>/安徽省志·文物志.pdf,29092412,917,scanned_image_pdf_no_text_layer
swhgz_569c1bd6ba02,安徽省志·方言志.pdf,<LOCAL_SOURCE_ROOT>/安徽省志·方言志.pdf,9672412,622,mostly_scanned_with_some_text
swhgz_ef4201a1384f,安徽省志·档案志.pdf,<LOCAL_SOURCE_ROOT>/安徽省志·档案志.pdf,8674411,304,scanned_image_pdf_no_text_layer
swhgz_366454084eda,安徽省志·纺织工业志.pdf,<LOCAL_SOURCE_ROOT>/安徽省志·纺织工业志.pdf,14917827,386,mostly_scanned_with_some_text
swhgz_0962be769710,安徽省志·自然环境志.pdf,<LOCAL_SOURCE_ROOT>/安徽省志·自然环境志.pdf,15422603,517,mostly_scanned_with_some_text
swhgz_7bb0c8ed375a,宋平江城坊考.pdf,<LOCAL_SOURCE_ROOT>/宋平江城坊考.pdf,16252369,424,mostly_scanned_with_some_text
swhgz_97a4353ef028,宝华山志.pdf,<LOCAL_SOURCE_ROOT>/宝华山志.pdf,21810434,656,scanned_image_pdf_no_text_layer
swhgz_4ea83732637c,宣统太仓州镇洋县志.pdf,<LOCAL_SOURCE_ROOT>/宣统太仓州镇洋县志.pdf,24545992,551,mostly_scanned_with_some_text
swhgz_61dc465db1fb,寒山寺志.pdf,<LOCAL_SOURCE_ROOT>/寒山寺志.pdf,7036116,224,scanned_image_pdf_no_text_layer
swhgz_adc56a063891,寒山寺志（校补本）.pdf,<LOCAL_SOURCE_ROOT>/寒山寺志（校补本）.pdf,7775899,198,scanned_image_pdf_no_text_layer
swhgz_fe19560e74a4,尧峰山志.pdf,<LOCAL_SOURCE_ROOT>/尧峰山志.pdf,4261997,323,scanned_image_pdf_no_text_layer
swhgz_6c0e341c560b,屯溪市志.pdf,<LOCAL_SOURCE_ROOT>/屯溪市志.pdf,13962892,489,scanned_image_pdf_no_text_layer
swhgz_f4a9a18a5f20,岳西卫生志.pdf,<LOCAL_SOURCE_ROOT>/岳西卫生志.pdf,13862142,406,searchable_text_pdf
swhgz_0585e265a7a6,川沙厅志（第一册）.pdf,<LOCAL_SOURCE_ROOT>/川沙厅志（第一册）.pdf,24662520,67,scanned_image_pdf_no_text_layer
swhgz_e284513f9481,川沙厅志（第三册）.pdf,<LOCAL_SOURCE_ROOT>/川沙厅志（第三册）.pdf,23153089,63,scanned_image_pdf_no_text_layer
swhgz_65a2de595876,川沙厅志（第二册）.pdf,<LOCAL_SOURCE_ROOT>/川沙厅志（第二册）.pdf,36609530,88,scanned_image_pdf_no_text_layer
swhgz_d9159eb38eb5,川沙厅志（第五册）.pdf,<LOCAL_SOURCE_ROOT>/川沙厅志（第五册）.pdf,24868552,68,scanned_image_pdf_no_text_layer
swhgz_9a41e0d65379,川沙厅志（第六册）.pdf,<LOCAL_SOURCE_ROOT>/川沙厅志（第六册）.pdf,22356529,59,scanned_image_pdf_no_text_layer
swhgz_cd07a0bcd22b,川沙厅志（第四册）.pdf,<LOCAL_SOURCE_ROOT>/川沙厅志（第四册）.pdf,19464079,56,scanned_image_pdf_no_text_layer
swhgz_9e84f42443e7,巢湖地区简志.pdf,<LOCAL_SOURCE_ROOT>/巢湖地区简志.pdf,19300281,603,mostly_scanned_with_some_text
swhgz_489741dba859,常熟文献志（卷五）.pdf,<LOCAL_SOURCE_ROOT>/常熟文献志（卷五）.pdf,16224926,141,scanned_image_pdf_no_text_layer
swhgz_2deabed25c71,常熟文献志（卷六至卷九）.pdf,<LOCAL_SOURCE_ROOT>/常熟文献志（卷六至卷九）.pdf,13061366,131,scanned_image_pdf_no_text_layer
swhgz_c7895bfe6fdf,常熟文献志（卷十七至卷十八）.pdf,<LOCAL_SOURCE_ROOT>/常熟文献志（卷十七至卷十八）.pdf,19253268,168,scanned_image_pdf_no_text_layer
swhgz_4dde97470e0b,常熟文献志（卷十二）.pdf,<LOCAL_SOURCE_ROOT>/常熟文献志（卷十二）.pdf,19042833,145,scanned_image_pdf_no_text_layer
swhgz_cce5773d0a3c,常熟文献志（卷十至卷十一）.pdf,<LOCAL_SOURCE_ROOT>/常熟文献志（卷十至卷十一）.pdf,15092032,141,scanned_image_pdf_no_text_layer
swhgz_49e325dd4df0,常熟文献志（卷四）.pdf,<LOCAL_SOURCE_ROOT>/常熟文献志（卷四）.pdf,18011939,155,scanned_image_pdf_no_text_layer
swhgz_0f820fa32c10,常熟文献志（卷首至卷三）.pdf,<LOCAL_SOURCE_ROOT>/常熟文献志（卷首至卷三）.pdf,17673429,158,scanned_image_pdf_no_text_layer
swhgz_f1140a5a7d52,平山堂图志.pdf,<LOCAL_SOURCE_ROOT>/平山堂图志.pdf,18993845,579,scanned_image_pdf_no_text_layer
swhgz_2bae0b8b3776,广陵区志（扬州市）.pdf,<LOCAL_SOURCE_ROOT>/广陵区志（扬州市）.pdf,27981242,916,mostly_scanned_with_some_text
swhgz_0dbd23c8f9d5,康熙休宁县志（1-3册）.pdf,<LOCAL_SOURCE_ROOT>/康熙休宁县志（1-3册）.pdf,30153912,1425,scanned_image_pdf_no_text_layer
swhgz_1504ca7bfbd0,康熙含山县志 道光巢县志.pdf,<LOCAL_SOURCE_ROOT>/康熙含山县志 道光巢县志.pdf,15855417,496,scanned_image_pdf_no_text_layer
swhgz_d5d1d9d15a4e,康熙安庆府志.pdf,<LOCAL_SOURCE_ROOT>/康熙安庆府志.pdf,31869062,911,scanned_image_pdf_no_text_layer
swhgz_61113742e316,康熙常州府志 (1).pdf,<LOCAL_SOURCE_ROOT>/康熙常州府志 (1).pdf,37068571,851,mostly_scanned_with_some_text
swhgz_e0f5edd2d328,康熙常熟县志.pdf,<LOCAL_SOURCE_ROOT>/康熙常熟县志.pdf,29826256,669,mostly_scanned_with_some_text
swhgz_54eb63bf9ff4,康熙徽州府志（1-7册）-01.pdf,<LOCAL_SOURCE_ROOT>/康熙徽州府志（1-7册）-01.pdf,28305465,1117,scanned_image_pdf_no_text_layer
swhgz_8e4904f6913a,康熙徽州府志（1-7册）-02.pdf,<LOCAL_SOURCE_ROOT>/康熙徽州府志（1-7册）-02.pdf,38756129,1359,scanned_image_pdf_no_text_layer
swhgz_bdc2dc329113,建康古今记（全）.pdf,<LOCAL_SOURCE_ROOT>/建康古今记（全）.pdf,4708395,157,scanned_image_pdf_no_text_layer
swhgz_0419c0a12ce6,弘治上海志（上）.pdf,<LOCAL_SOURCE_ROOT>/弘治上海志（上）.pdf,15835988,133,scanned_image_pdf_no_text_layer
swhgz_f87d5e9f0d16,弘治上海志（下）.pdf,<LOCAL_SOURCE_ROOT>/弘治上海志（下）.pdf,27051394,206,scanned_image_pdf_no_text_layer
swhgz_f8c2fb978d31,弘治休宁县志.pdf,<LOCAL_SOURCE_ROOT>/弘治休宁县志.pdf,13999939,308,scanned_image_pdf_no_text_layer
swhgz_dc7587d11195,弘治徽州府志.pdf,<LOCAL_SOURCE_ROOT>/弘治徽州府志.pdf,38201969,1686,scanned_image_pdf_no_text_layer
swhgz_be04956a4643,张桥乡志.pdf,<LOCAL_SOURCE_ROOT>/张桥乡志.pdf,5051590,205,scanned_image_pdf_no_text_layer
swhgz_ede1b839d665,彭镇镇志.pdf,<LOCAL_SOURCE_ROOT>/彭镇镇志.pdf,16059563,464,scanned_image_pdf_no_text_layer
swhgz_05b881a59770,徐州市粮食志.pdf,<LOCAL_SOURCE_ROOT>/徐州市粮食志.pdf,7054752,365,scanned_image_pdf_no_text_layer
swhgz_065fe6c44f1f,徐州方言志.pdf,<LOCAL_SOURCE_ROOT>/徐州方言志.pdf,4733588,369,scanned_image_pdf_no_text_layer
swhgz_efe7527100ce,徽州地区交通志.pdf,<LOCAL_SOURCE_ROOT>/徽州地区交通志.pdf,13949153,364,scanned_image_pdf_no_text_layer
swhgz_fb20f4e1444b,扬州图经.pdf,<LOCAL_SOURCE_ROOT>/扬州图经.pdf,8647905,228,mostly_scanned_with_some_text
swhgz_50e753ea5364,扬州足征录.pdf,<LOCAL_SOURCE_ROOT>/扬州足征录.pdf,42310354,519,scanned_image_pdf_no_text_layer
swhgz_660d05e81f05,扬州足徵录 （万历）盐城县志.pdf,<LOCAL_SOURCE_ROOT>/扬州足徵录 （万历）盐城县志.pdf,30722637,454,scanned_image_pdf_no_text_layer
swhgz_03a36c7f1803,摄山志.pdf,<LOCAL_SOURCE_ROOT>/摄山志.pdf,19971681,649,scanned_image_pdf_no_text_layer
swhgz_c35e19b5490e,新安人物志.pdf,<LOCAL_SOURCE_ROOT>/新安人物志.pdf,2990581,176,scanned_image_pdf_no_text_layer
swhgz_f14cd879f18f,新寺志.pdf,<LOCAL_SOURCE_ROOT>/新寺志.pdf,15004275,452,scanned_image_pdf_no_text_layer
swhgz_6275ea853471,旌德县志（1-4册）.pdf,<LOCAL_SOURCE_ROOT>/旌德县志（1-4册）.pdf,31351915,1635,scanned_image_pdf_no_text_layer
swhgz_4923cc2cb422,无锡市志（全四册）-01.pdf,<LOCAL_SOURCE_ROOT>/无锡市志（全四册）-01.pdf,40237202,718,scanned_image_pdf_no_text_layer
swhgz_2d3457f9399f,无锡市志（全四册）-02.pdf,<LOCAL_SOURCE_ROOT>/无锡市志（全四册）-02.pdf,52410560,1372,scanned_image_pdf_no_text_layer
swhgz_deeb462b01ed,无锡市志（全四册）-03.pdf,<LOCAL_SOURCE_ROOT>/无锡市志（全四册）-03.pdf,45748026,1282,mostly_scanned_with_some_text
swhgz_0016223f49dd,明代南直隶方志研究.pdf,<LOCAL_SOURCE_ROOT>/明代南直隶方志研究.pdf,49144127,572,scanned_image_pdf_no_text_layer
swhgz_c15cbd7834ed,明代宝应人物志.pdf,<LOCAL_SOURCE_ROOT>/明代宝应人物志.pdf,2471659,86,scanned_image_pdf_no_text_layer
swhgz_35ca67cc4f74,明代金陵人物志.pdf,<LOCAL_SOURCE_ROOT>/明代金陵人物志.pdf,3605703,176,scanned_image_pdf_no_text_layer
swhgz_6d2727a6f9e4,明孝陵志.pdf,<LOCAL_SOURCE_ROOT>/明孝陵志.pdf,6265577,215,scanned_image_pdf_no_text_layer
swhgz_1b4f8e991ce8,明孝陵志新编.pdf,<LOCAL_SOURCE_ROOT>/明孝陵志新编.pdf,12783852,298,scanned_image_pdf_no_text_layer
swhgz_90bcb5a47924,景定建康志（1-2册）.pdf,<LOCAL_SOURCE_ROOT>/景定建康志（1-2册）.pdf,8481479,209,scanned_image_pdf_no_text_layer
swhgz_266e35c0e084,杏花村志.pdf,<LOCAL_SOURCE_ROOT>/杏花村志.pdf,29414537,394,scanned_image_pdf_no_text_layer
swhgz_14f9beb05e23,松江文化志.pdf,<LOCAL_SOURCE_ROOT>/松江文化志.pdf,10717090,334,scanned_image_pdf_no_text_layer
swhgz_74f901c103ae,松江风俗志.pdf,<LOCAL_SOURCE_ROOT>/松江风俗志.pdf,20864607,484,scanned_image_pdf_no_text_layer
swhgz_197f1fa1255a,栖霞山志.pdf,<LOCAL_SOURCE_ROOT>/栖霞山志.pdf,4005406,245,scanned_image_pdf_no_text_layer
swhgz_82f81e08c32e,栖霞新志.pdf,<LOCAL_SOURCE_ROOT>/栖霞新志.pdf,4504294,198,scanned_image_pdf_no_text_layer
swhgz_b93a69566a1a,桐城文化志.pdf,<LOCAL_SOURCE_ROOT>/桐城文化志.pdf,6127323,396,scanned_image_pdf_no_text_layer
swhgz_d3a43d0a4778,梅里志.pdf,<LOCAL_SOURCE_ROOT>/梅里志.pdf,18508639,237,scanned_image_pdf_no_text_layer
swhgz_a69437630cac,橙阳散志.pdf,<LOCAL_SOURCE_ROOT>/橙阳散志.pdf,4170822,118,scanned_image_pdf_no_text_layer
swhgz_3e6dd3562428,毫县志略（全）.pdf,<LOCAL_SOURCE_ROOT>/毫县志略（全）.pdf,655860,48,scanned_image_pdf_no_text_layer
swhgz_d25a7046b835,民国全椒县志 道光来安县志.pdf,<LOCAL_SOURCE_ROOT>/民国全椒县志 道光来安县志.pdf,18245695,512,scanned_image_pdf_no_text_layer
swhgz_c56d542cd334,民国南通县图志 光绪海门厅图志.pdf,<LOCAL_SOURCE_ROOT>/民国南通县图志 光绪海门厅图志.pdf,20440043,770,scanned_image_pdf_no_text_layer
swhgz_1022ec101ab1,民国南陵县志.pdf,<LOCAL_SOURCE_ROOT>/民国南陵县志.pdf,34114826,869,scanned_image_pdf_no_text_layer
swhgz_861247a6003d,民国吴县志(一).pdf,<LOCAL_SOURCE_ROOT>/民国吴县志(一).pdf,41589237,1069,mostly_scanned_with_some_text
swhgz_fcf0d490a461,民国吴县志(二) 民国续吴县志稿.pdf,<LOCAL_SOURCE_ROOT>/民国吴县志(二) 民国续吴县志稿.pdf,38705521,1039,mostly_scanned_with_some_text
swhgz_1901678dbf63,民国宁国县志 嘉庆绩溪县志.pdf,<LOCAL_SOURCE_ROOT>/民国宁国县志 嘉庆绩溪县志.pdf,25414234,791,scanned_image_pdf_no_text_layer
swhgz_98210706154b,民国宝应县志.pdf,<LOCAL_SOURCE_ROOT>/民国宝应县志.pdf,25389749,520,mostly_scanned_with_some_text
swhgz_5304913650d7,民国宿松县志（一）.pdf,<LOCAL_SOURCE_ROOT>/民国宿松县志（一）.pdf,23039970,582,scanned_image_pdf_no_text_layer
swhgz_b0b7103ea6af,民国宿松县志（二）.pdf,<LOCAL_SOURCE_ROOT>/民国宿松县志（二）.pdf,24037346,532,scanned_image_pdf_no_text_layer
swhgz_895cd97fe918,民国当涂县志（一）.pdf,<LOCAL_SOURCE_ROOT>/民国当涂县志（一）.pdf,20480029,617,scanned_image_pdf_no_text_layer
swhgz_ff515d74d179,民国当涂县志（二）.pdf,<LOCAL_SOURCE_ROOT>/民国当涂县志（二）.pdf,21528732,567,scanned_image_pdf_no_text_layer
swhgz_22a57eaad0ef,民国怀宁县志 民国怀宁县志补.pdf,<LOCAL_SOURCE_ROOT>/民国怀宁县志 民国怀宁县志补.pdf,31953812,737,scanned_image_pdf_no_text_layer
swhgz_aaba8ad288f6,民国时期南京官办银行 南京金融志资料专辑（一）.pdf,<LOCAL_SOURCE_ROOT>/民国时期南京官办银行 南京金融志资料专辑（一）.pdf,5210171,431,scanned_image_pdf_no_text_layer
swhgz_5a4c9c7cca34,民国歙县志.pdf,<LOCAL_SOURCE_ROOT>/民国歙县志.pdf,35352720,728,scanned_image_pdf_no_text_layer
swhgz_421f7ab48034,民国江阴县续志.pdf,<LOCAL_SOURCE_ROOT>/民国江阴县续志.pdf,22638095,515,mostly_scanned_with_some_text
swhgz_94748b8d70c3,民国沛县志 咸丰邳州志 民国邳志补.pdf,<LOCAL_SOURCE_ROOT>/民国沛县志 咸丰邳州志 民国邳志补.pdf,32982514,737,mostly_scanned_with_some_text
swhgz_ae2106dab891,民国泰县志稿.pdf,<LOCAL_SOURCE_ROOT>/民国泰县志稿.pdf,23620972,826,mostly_scanned_with_some_text
swhgz_a6fdd2f7e7aa,民国潜山县志.pdf,<LOCAL_SOURCE_ROOT>/民国潜山县志.pdf,20350534,503,scanned_image_pdf_no_text_layer
swhgz_71db6387cef2,民国石埭备志汇编 宣统建德县志.pdf,<LOCAL_SOURCE_ROOT>/民国石埭备志汇编 宣统建德县志.pdf,23212304,589,scanned_image_pdf_no_text_layer
swhgz_35d7d7c46b02,民国续纂山阳县志.pdf,<LOCAL_SOURCE_ROOT>/民国续纂山阳县志.pdf,43385015,259,scanned_image_pdf_no_text_layer
swhgz_528e79202bf5,民国芜湖县志 雍正建平县志.pdf,<LOCAL_SOURCE_ROOT>/民国芜湖县志 雍正建平县志.pdf,22556198,597,scanned_image_pdf_no_text_layer
swhgz_4bb1d0a75f92,民国重修金坛县志 光绪溧水县志.pdf,<LOCAL_SOURCE_ROOT>/民国重修金坛县志 光绪溧水县志.pdf,29172403,631,mostly_scanned_with_some_text
swhgz_7f697ba5dc8b,民国铜山县志.pdf,<LOCAL_SOURCE_ROOT>/民国铜山县志.pdf,26962510,594,mostly_scanned_with_some_text
swhgz_a5f7814b93e2,民国镇洋县志 雍正昭文县志 乾隆吴江县志(一).pdf,<LOCAL_SOURCE_ROOT>/民国镇洋县志 雍正昭文县志 乾隆吴江县志(一).pdf,21997486,453,mostly_scanned_with_some_text
swhgz_766bc7ebb58d,民国高淳县志 乾隆句容县志.pdf,<LOCAL_SOURCE_ROOT>/民国高淳县志 乾隆句容县志.pdf,42750101,817,mostly_scanned_with_some_text
swhgz_bff2ba0bbe63,民国黟县四志.pdf,<LOCAL_SOURCE_ROOT>/民国黟县四志.pdf,22002885,530,scanned_image_pdf_no_text_layer
swhgz_e3e21d4d02fc,江南通志（卷一至卷六）.pdf,<LOCAL_SOURCE_ROOT>/江南通志（卷一至卷六）.pdf,46415070,274,scanned_image_pdf_no_text_layer
swhgz_37dc8a2f9c81,江南通志（卷七十三至卷七十六）.pdf,<LOCAL_SOURCE_ROOT>/江南通志（卷七十三至卷七十六）.pdf,30114029,142,scanned_image_pdf_no_text_layer
swhgz_e671e4c1de28,江南通志（卷七至卷十三）.pdf,<LOCAL_SOURCE_ROOT>/江南通志（卷七至卷十三）.pdf,42395936,214,scanned_image_pdf_no_text_layer
swhgz_800c1a94cfb0,江南通志（卷三十、卷三十一）.pdf,<LOCAL_SOURCE_ROOT>/江南通志（卷三十、卷三十一）.pdf,40874110,249,scanned_image_pdf_no_text_layer
swhgz_abd237229bdb,江南通志（卷三十七至卷四十一）.pdf,<LOCAL_SOURCE_ROOT>/江南通志（卷三十七至卷四十一）.pdf,38029440,176,scanned_image_pdf_no_text_layer
swhgz_17096238ce6c,江南通志（卷三十二至卷三十六）.pdf,<LOCAL_SOURCE_ROOT>/江南通志（卷三十二至卷三十六）.pdf,45487969,231,scanned_image_pdf_no_text_layer
swhgz_645613404674,江南通志（卷二十六至卷二十九）.pdf,<LOCAL_SOURCE_ROOT>/江南通志（卷二十六至卷二十九）.pdf,38992969,232,scanned_image_pdf_no_text_layer
swhgz_041fa974ae1f,江南通志（卷五十五至卷六十一）.pdf,<LOCAL_SOURCE_ROOT>/江南通志（卷五十五至卷六十一）.pdf,49145358,236,scanned_image_pdf_no_text_layer
swhgz_7116c9a2858a,江南通志（卷五十至卷五十四）.pdf,<LOCAL_SOURCE_ROOT>/江南通志（卷五十至卷五十四）.pdf,50450369,232,scanned_image_pdf_no_text_layer
swhgz_43f49bd8119b,江南通志（卷六十二、卷六十三）.pdf,<LOCAL_SOURCE_ROOT>/江南通志（卷六十二、卷六十三）.pdf,29494440,145,scanned_image_pdf_no_text_layer
swhgz_da55fb2ab2d0,江南通志（卷六十八至卷七十二）.pdf,<LOCAL_SOURCE_ROOT>/江南通志（卷六十八至卷七十二）.pdf,43996618,207,scanned_image_pdf_no_text_layer
swhgz_aabb0dec5b3e,江南通志（卷六十四至卷六十七）.pdf,<LOCAL_SOURCE_ROOT>/江南通志（卷六十四至卷六十七）.pdf,35149021,173,scanned_image_pdf_no_text_layer
swhgz_2bf6b7dd803e,江南通志（卷十九至卷二十五）.pdf,<LOCAL_SOURCE_ROOT>/江南通志（卷十九至卷二十五）.pdf,39081408,209,scanned_image_pdf_no_text_layer
swhgz_3f5450b56607,江南通志（卷十四至卷十八）.pdf,<LOCAL_SOURCE_ROOT>/江南通志（卷十四至卷十八）.pdf,52179815,264,scanned_image_pdf_no_text_layer
swhgz_68d2a5db53c1,江南通志（卷四十二至卷四十四）.pdf,<LOCAL_SOURCE_ROOT>/江南通志（卷四十二至卷四十四）.pdf,42398734,189,scanned_image_pdf_no_text_layer
swhgz_94ed1eabc45e,江南通志（卷四十五至卷四十九）.pdf,<LOCAL_SOURCE_ROOT>/江南通志（卷四十五至卷四十九）.pdf,41100266,185,scanned_image_pdf_no_text_layer
swhgz_b0e23816420b,江苏六十一县志.pdf,<LOCAL_SOURCE_ROOT>/江苏六十一县志.pdf,4526592,304,scanned_image_pdf_no_text_layer
swhgz_87435c71987a,江苏当代方志论文选.pdf,<LOCAL_SOURCE_ROOT>/江苏当代方志论文选.pdf,18953256,782,scanned_image_pdf_no_text_layer
swhgz_6e1636504127,江苏方志考.pdf,<LOCAL_SOURCE_ROOT>/江苏方志考.pdf,5262720,184,scanned_image_pdf_no_text_layer
swhgz_4ce3b5c5c31c,江苏旧方志提要.doc,<LOCAL_SOURCE_ROOT>/江苏旧方志提要.doc,1661440,,
swhgz_ca16c147096e,江苏省 吴县志（一）.pdf,<LOCAL_SOURCE_ROOT>/江苏省 吴县志（一）.pdf,44825181,605,scanned_image_pdf_no_text_layer
swhgz_ff3d344a5f29,江苏省 吴县志（二）.pdf,<LOCAL_SOURCE_ROOT>/江苏省 吴县志（二）.pdf,33985297,723,mostly_scanned_with_some_text
swhgz_be7a2a3abb9f,江苏省 大丰县志.pdf,<LOCAL_SOURCE_ROOT>/江苏省 大丰县志.pdf,19255148,841,mostly_scanned_with_some_text
swhgz_ee25215a897d,江苏省 如东县志.pdf,<LOCAL_SOURCE_ROOT>/江苏省 如东县志.pdf,27455389,488,mostly_scanned_with_some_text
swhgz_27a702c69e61,江苏省 无锡县志.pdf,<LOCAL_SOURCE_ROOT>/江苏省 无锡县志.pdf,25184025,1199,scanned_image_pdf_no_text_layer
swhgz_a8c0fb9bef42,江苏省 海安县志.pdf,<LOCAL_SOURCE_ROOT>/江苏省 海安县志.pdf,75709954,1083,searchable_text_pdf
swhgz_91877e87da70,江苏省 高淳县志.pdf,<LOCAL_SOURCE_ROOT>/江苏省 高淳县志.pdf,26879700,907,mostly_scanned_with_some_text
swhgz_4156be344675,江苏省交通志·公路篇(1978-2008) 道路运输（草.doc,<LOCAL_SOURCE_ROOT>/江苏省交通志·公路篇(1978-2008) 道路运输（草.doc,1589248,,
swhgz_183d73f4dfa0,江苏省志 文物志.pdf.baiduyun.p.downloading,<LOCAL_SOURCE_ROOT>/江苏省志 文物志.pdf.baiduyun.p.downloading,50832619,815,scanned_image_pdf_no_text_layer
swhgz_7b90e55a1cc0,江苏省志·交通志·民航篇.pdf,<LOCAL_SOURCE_ROOT>/江苏省志·交通志·民航篇.pdf,5214281,151,scanned_image_pdf_no_text_layer
swhgz_036dd9d9bff4,江苏省志·供销合作社志.pdf,<LOCAL_SOURCE_ROOT>/江苏省志·供销合作社志.pdf,22893776,630,scanned_image_pdf_no_text_layer
swhgz_c8bb1065da1f,江苏省志·军事志.pdf,<LOCAL_SOURCE_ROOT>/江苏省志·军事志.pdf,28355285,1348,scanned_image_pdf_no_text_layer
swhgz_0e39ce3c5825,江苏省志·农机具志.pdf,<LOCAL_SOURCE_ROOT>/江苏省志·农机具志.pdf,36068575,485,scanned_image_pdf_no_text_layer
swhgz_e9ba052ddffb,江苏省志·冶金工业志.pdf,<LOCAL_SOURCE_ROOT>/江苏省志·冶金工业志.pdf,15962336,479,scanned_image_pdf_no_text_layer
swhgz_a2bd0690d2ba,江苏省志·出版志.pdf,<LOCAL_SOURCE_ROOT>/江苏省志·出版志.pdf,5370432,70,scanned_image_pdf_no_text_layer
swhgz_f289d67b7c62,江苏省志·地震事业志.pdf,<LOCAL_SOURCE_ROOT>/江苏省志·地震事业志.pdf,8466651,300,scanned_image_pdf_no_text_layer
swhgz_820f67ea9c73,江苏省志·审判志.pdf,<LOCAL_SOURCE_ROOT>/江苏省志·审判志.pdf,11757948,389,scanned_image_pdf_no_text_layer
swhgz_4439fa0c4ad2,江苏省志·对外经济贸易志.pdf,<LOCAL_SOURCE_ROOT>/江苏省志·对外经济贸易志.pdf,17141953,515,scanned_image_pdf_no_text_layer
swhgz_df5d91096af2,江苏省志·工商行政管理志.pdf,<LOCAL_SOURCE_ROOT>/江苏省志·工商行政管理志.pdf,12178902,396,scanned_image_pdf_no_text_layer
swhgz_899b169fed6d,江苏省志·报业志.pdf,<LOCAL_SOURCE_ROOT>/江苏省志·报业志.pdf,27819353,568,scanned_image_pdf_no_text_layer
swhgz_98b5ed7f1713,江苏省志·教育志（上、下册）.pdf,<LOCAL_SOURCE_ROOT>/江苏省志·教育志（上、下册）.pdf,35200531,746,scanned_image_pdf_no_text_layer
swhgz_dc35aa975b08,江苏省志·方言志.pdf,<LOCAL_SOURCE_ROOT>/江苏省志·方言志.pdf,17610893,764,scanned_image_pdf_no_text_layer
swhgz_ec0b42135cdf,江苏省志·旅游业志.pdf,<LOCAL_SOURCE_ROOT>/江苏省志·旅游业志.pdf,19640836,548,scanned_image_pdf_no_text_layer
swhgz_1de4b4a89801,江苏省志·档案志.pdf,<LOCAL_SOURCE_ROOT>/江苏省志·档案志.pdf,18658377,403,scanned_image_pdf_no_text_layer
swhgz_6519c48eb83d,江苏省志·气象事业志.pdf,<LOCAL_SOURCE_ROOT>/江苏省志·气象事业志.pdf,11949662,404,scanned_image_pdf_no_text_layer
swhgz_f0dc88e38597,江苏省志·海关志.pdf,<LOCAL_SOURCE_ROOT>/江苏省志·海关志.pdf,13148402,461,scanned_image_pdf_no_text_layer
swhgz_a1c2af87c694,江苏省志·海涂开发志.pdf,<LOCAL_SOURCE_ROOT>/江苏省志·海涂开发志.pdf,11100611,338,scanned_image_pdf_no_text_layer
swhgz_66600d179e7b,江苏省志·盐业志.pdf,<LOCAL_SOURCE_ROOT>/江苏省志·盐业志.pdf,11826168,389,scanned_image_pdf_no_text_layer
swhgz_5efd8f5b8cf9,江苏省志·社会科学志.pdf,<LOCAL_SOURCE_ROOT>/江苏省志·社会科学志.pdf,20084565,674,scanned_image_pdf_no_text_layer
swhgz_73e765ec7bdc,江苏省志·税务志.pdf,<LOCAL_SOURCE_ROOT>/江苏省志·税务志.pdf,22210302,768,scanned_image_pdf_no_text_layer
swhgz_18cd4c7de9ac,江苏省志·粮食志.pdf,<LOCAL_SOURCE_ROOT>/江苏省志·粮食志.pdf,16266678,519,scanned_image_pdf_no_text_layer
swhgz_04fc803105b8,江苏省志·财政志（上、下册）.pdf,<LOCAL_SOURCE_ROOT>/江苏省志·财政志（上、下册）.pdf,16132390,522,scanned_image_pdf_no_text_layer
swhgz_52369f431605,江苏省志·轻工业志.pdf,<LOCAL_SOURCE_ROOT>/江苏省志·轻工业志.pdf,20271530,614,scanned_image_pdf_no_text_layer
swhgz_71640f86aed4,江苏省志·陶瓷工业志.pdf,<LOCAL_SOURCE_ROOT>/江苏省志·陶瓷工业志.pdf,15323860,411,scanned_image_pdf_no_text_layer
swhgz_f0d4030562fb,江苏省通志稿 01 大事志.pdf,<LOCAL_SOURCE_ROOT>/江苏省通志稿 01 大事志.pdf,32798549,815,scanned_image_pdf_no_text_layer
swhgz_5e156c06f0f8,江苏省通志稿 02 方域志·都水志·建置志.pdf,<LOCAL_SOURCE_ROOT>/江苏省通志稿 02 方域志·都水志·建置志.pdf,26053823,738,scanned_image_pdf_no_text_layer
swhgz_95a8228eeec5,江苏省通志稿 05 选举志.pdf,<LOCAL_SOURCE_ROOT>/江苏省通志稿 05 选举志.pdf,18271394,712,scanned_image_pdf_no_text_layer
swhgz_88c0f0eff0a8,江苏省通志稿 灾异志.pdf,<LOCAL_SOURCE_ROOT>/江苏省通志稿 灾异志.pdf,16946657,182,scanned_image_pdf_no_text_layer
swhgz_66db0dc3acf7,江阴市志（一）.pdf,<LOCAL_SOURCE_ROOT>/江阴市志（一）.pdf,34655685,889,scanned_image_pdf_no_text_layer
swhgz_5fc61fd19d29,江阴市志（二）.pdf,<LOCAL_SOURCE_ROOT>/江阴市志（二）.pdf,23399737,582,scanned_image_pdf_no_text_layer
swhgz_fbca953c9865,泰县方言志.pdf,<LOCAL_SOURCE_ROOT>/泰县方言志.pdf,3923527,260,scanned_image_pdf_no_text_layer
swhgz_7bb6b2710a31,泰州方志考略.pdf,<LOCAL_SOURCE_ROOT>/泰州方志考略.pdf,1012546,13,searchable_text_pdf
swhgz_c0c8a68c6bf4,泰州旧事摭拾.pdf,<LOCAL_SOURCE_ROOT>/泰州旧事摭拾.pdf,9203829,308,mostly_scanned_with_some_text
swhgz_99f0d682aded,洋泾乡志.pdf,<LOCAL_SOURCE_ROOT>/洋泾乡志.pdf,22907746,456,scanned_image_pdf_no_text_layer
swhgz_84afe9da1e53,海州直隶州志（一、二册）.pdf,<LOCAL_SOURCE_ROOT>/海州直隶州志（一、二册）.pdf,18571451,459,scanned_image_pdf_no_text_layer
swhgz_07b34959cff3,涡阳风土记（一）.pdf,<LOCAL_SOURCE_ROOT>/涡阳风土记（一）.pdf,9457016,368,scanned_image_pdf_no_text_layer
swhgz_1ab1cec70e21,淮关统志（全）.pdf,<LOCAL_SOURCE_ROOT>/淮关统志（全）.pdf,11422847,321,scanned_image_pdf_no_text_layer
swhgz_5a0662575c2d,淳熙新安志（一）.pdf,<LOCAL_SOURCE_ROOT>/淳熙新安志（一）.pdf,40010352,100,scanned_image_pdf_no_text_layer
swhgz_1cf8d7019988,淳熙新安志（二）.pdf,<LOCAL_SOURCE_ROOT>/淳熙新安志（二）.pdf,32555114,82,scanned_image_pdf_no_text_layer
swhgz_dcb35e92f8c6,清嘉录.pdf,<LOCAL_SOURCE_ROOT>/清嘉录.pdf,8945305,291,mostly_scanned_with_some_text
swhgz_788e2fbdc3b8,清月浦志·民国月浦里志·清杨行志·民国杨行乡.pdf,<LOCAL_SOURCE_ROOT>/清月浦志·民国月浦里志·清杨行志·民国杨行乡.pdf,51292959,883,scanned_image_pdf_no_text_layer
swhgz_1678af90cf34,灵岩志略.pdf,<LOCAL_SOURCE_ROOT>/灵岩志略.pdf,555497,43,scanned_image_pdf_no_text_layer
swhgz_09dfa35e6ffd,灵岩记略.pdf,<LOCAL_SOURCE_ROOT>/灵岩记略.pdf,2027594,122,scanned_image_pdf_no_text_layer
swhgz_d6fbf3cc7741,焦山志（二十六卷）.pdf,<LOCAL_SOURCE_ROOT>/焦山志（二十六卷）.pdf,42254724,1314,scanned_image_pdf_no_text_layer
swhgz_a4575d59a0e1,牛首山志.pdf,<LOCAL_SOURCE_ROOT>/牛首山志.pdf,3818391,222,scanned_image_pdf_no_text_layer
swhgz_8f56d32dc2bd,献花岩志.pdf,<LOCAL_SOURCE_ROOT>/献花岩志.pdf,1151974,88,scanned_image_pdf_no_text_layer
swhgz_88eec5edf0de,琴川志 景定建康志（一）.pdf,<LOCAL_SOURCE_ROOT>/琴川志 景定建康志（一）.pdf,47099757,539,scanned_image_pdf_no_text_layer
swhgz_7f84201be05c,琴川志 景定建康志（二）.pdf,<LOCAL_SOURCE_ROOT>/琴川志 景定建康志（二）.pdf,46819233,495,scanned_image_pdf_no_text_layer
swhgz_73a0a943aa46,甘棠小志.pdf,<LOCAL_SOURCE_ROOT>/甘棠小志.pdf,8849111,108,scanned_image_pdf_no_text_layer
swhgz_e12567790d20,皖志列传稿（一、二册）.pdf,<LOCAL_SOURCE_ROOT>/皖志列传稿（一、二册）.pdf,23263201,743,scanned_image_pdf_no_text_layer
swhgz_721b708a3e34,盋山志（八卷）.pdf,<LOCAL_SOURCE_ROOT>/盋山志（八卷）.pdf,9889120,320,scanned_image_pdf_no_text_layer
swhgz_112eeebce060,盐城县志.pdf,<LOCAL_SOURCE_ROOT>/盐城县志.pdf,9418890,494,scanned_image_pdf_no_text_layer
swhgz_fbda84be7e2c,盐城市志·方言.pdf,<LOCAL_SOURCE_ROOT>/盐城市志·方言.pdf,2190605,49,scanned_image_pdf_no_text_layer
swhgz_8ac060901a96,盛泽镇志.pdf,<LOCAL_SOURCE_ROOT>/盛泽镇志.pdf,31234349,176,searchable_text_pdf
swhgz_f9929b630a62,祁门县工商行政管理志.pdf,<LOCAL_SOURCE_ROOT>/祁门县工商行政管理志.pdf,8420633,276,scanned_image_pdf_no_text_layer
swhgz_30251a180937,绩溪县教育志.pdf,<LOCAL_SOURCE_ROOT>/绩溪县教育志.pdf,19794594,453,mostly_scanned_with_some_text
swhgz_43e8deb669a2,续纂山阳县志（全）.pdf,<LOCAL_SOURCE_ROOT>/续纂山阳县志（全）.pdf,21914215,543,scanned_image_pdf_no_text_layer
swhgz_b9c6d58e7122,续金山志.pdf,<LOCAL_SOURCE_ROOT>/续金山志.pdf,4124878,152,scanned_image_pdf_no_text_layer
swhgz_407920907e87,至顺镇江志（上、下册）.pdf,<LOCAL_SOURCE_ROOT>/至顺镇江志（上、下册）.pdf,6917915,645,scanned_image_pdf_no_text_layer
swhgz_d531fe659da2,芜城怀旧录 扬州风土记略.pdf,<LOCAL_SOURCE_ROOT>/芜城怀旧录 扬州风土记略.pdf,19351902,325,scanned_image_pdf_no_text_layer
swhgz_2f71dd34091d,苏州史志笔记.pdf,<LOCAL_SOURCE_ROOT>/苏州史志笔记.pdf,4854866,237,searchable_text_pdf
swhgz_2c2a97efa7b2,苏州对外经济志（1896年-1990年）.pdf,<LOCAL_SOURCE_ROOT>/苏州对外经济志（1896年-1990年）.pdf,3490488,187,scanned_image_pdf_no_text_layer
swhgz_b1898e92cfcb,苏州市志 第一册.rar,<LOCAL_SOURCE_ROOT>/苏州市志 第一册.rar,51669591,,
swhgz_8714f041ca71,苏州市志 第三册.pdf,<LOCAL_SOURCE_ROOT>/苏州市志 第三册.pdf,33156026,1259,mostly_scanned_with_some_text
swhgz_15607b256a09,苏州市志 第二册.pdf,<LOCAL_SOURCE_ROOT>/苏州市志 第二册.pdf,29138745,1120,mostly_scanned_with_some_text
swhgz_3bcd40327d7c,苏州市方言志.pdf,<LOCAL_SOURCE_ROOT>/苏州市方言志.pdf,7437461,61,scanned_image_pdf_no_text_layer
swhgz_d4a9900fbacf,苏州市金阊区志.doc,<LOCAL_SOURCE_ROOT>/苏州市金阊区志.doc,8887296,,
swhgz_b1126d898bc1,苏州府志.pdf,<LOCAL_SOURCE_ROOT>/苏州府志.pdf,2076713,97,scanned_image_pdf_no_text_layer
swhgz_c14ae252b3a2,苏州方言志.pdf,<LOCAL_SOURCE_ROOT>/苏州方言志.pdf,13627759,457,scanned_image_pdf_no_text_layer
swhgz_fa5ec66882e3,苏州洋关史料.pdf,<LOCAL_SOURCE_ROOT>/苏州洋关史料.pdf,6858319,429,scanned_image_pdf_no_text_layer
swhgz_5c81435f386a,苏州电力工业志（1897-1996） 概述、发电.pdf,<LOCAL_SOURCE_ROOT>/苏州电力工业志（1897-1996） 概述、发电.pdf,2486462,69,scanned_image_pdf_no_text_layer
swhgz_84268f06c4ac,茅山志.pdf,<LOCAL_SOURCE_ROOT>/茅山志.pdf,14818341,144,scanned_image_pdf_no_text_layer
swhgz_6c3e29d23a63,莫愁湖志.卷首.1-6.马士图辑.光绪年刊.pdf,<LOCAL_SOURCE_ROOT>/莫愁湖志.卷首.1-6.马士图辑.光绪年刊.pdf,63675294,111,scanned_image_pdf_no_text_layer
swhgz_4478c8cd9892,蒲溪小志.pdf,<LOCAL_SOURCE_ROOT>/蒲溪小志.pdf,3055001,153,scanned_image_pdf_no_text_layer
swhgz_cbe43489c627,虎邱山志（二十四卷）.pdf,<LOCAL_SOURCE_ROOT>/虎邱山志（二十四卷）.pdf,26857844,924,scanned_image_pdf_no_text_layer
swhgz_efac222080cb,蚌埠市志.pdf,<LOCAL_SOURCE_ROOT>/蚌埠市志.pdf,47301961,1368,mostly_scanned_with_some_text
swhgz_801243391d31,赣榆县志（一、二册）.pdf,<LOCAL_SOURCE_ROOT>/赣榆县志（一、二册）.pdf,14217653,592,mostly_scanned_with_some_text
swhgz_004a021677a6,近代上海地区方志经济史料选辑（1840—1949）.pdf,<LOCAL_SOURCE_ROOT>/近代上海地区方志经济史料选辑（1840—1949）.pdf,7236454,404,mostly_scanned_with_some_text
swhgz_8e13463d88cc,连云港市志·文化志.pdf,<LOCAL_SOURCE_ROOT>/连云港市志·文化志.pdf,16071980,116,scanned_image_pdf_no_text_layer
swhgz_2786bdddc9e2,道光上元县志.pdf,<LOCAL_SOURCE_ROOT>/道光上元县志.pdf,38827938,577,scanned_image_pdf_no_text_layer
swhgz_6aca3ccbc5d5,道光休宁县志.pdf,<LOCAL_SOURCE_ROOT>/道光休宁县志.pdf,29333799,687,scanned_image_pdf_no_text_layer
swhgz_d8578671ca6a,道光定远县志 光绪凤阳县志.pdf,<LOCAL_SOURCE_ROOT>/道光定远县志 光绪凤阳县志.pdf,20564742,566,scanned_image_pdf_no_text_layer
swhgz_a71530a91e90,道光徽州府志（一）.pdf,<LOCAL_SOURCE_ROOT>/道光徽州府志（一）.pdf,25525441,585,scanned_image_pdf_no_text_layer
swhgz_ca872256cd15,道光徽州府志（三） 徽州府志辨证 徽志补正.pdf,<LOCAL_SOURCE_ROOT>/道光徽州府志（三） 徽州府志辨证 徽志补正.pdf,28901509,608,scanned_image_pdf_no_text_layer
swhgz_7e1a7ccdb61c,道光徽州府志（二）.pdf,<LOCAL_SOURCE_ROOT>/道光徽州府志（二）.pdf,27543246,561,scanned_image_pdf_no_text_layer
swhgz_927ea63e1e71,道光昆新两县志.pdf,<LOCAL_SOURCE_ROOT>/道光昆新两县志.pdf,30894924,672,mostly_scanned_with_some_text
swhgz_9cb7590491a4,道光歙县志（一）.pdf,<LOCAL_SOURCE_ROOT>/道光歙县志（一）.pdf,29505076,1170,scanned_image_pdf_no_text_layer
swhgz_a3e7ab6c326e,道光歙县志（二）.pdf,<LOCAL_SOURCE_ROOT>/道光歙县志（二）.pdf,42439953,1529,scanned_image_pdf_no_text_layer
swhgz_63c49fd40ede,道光泰州志 泰州新志刊谬 民国续纂泰州志.pdf,<LOCAL_SOURCE_ROOT>/道光泰州志 泰州新志刊谬 民国续纂泰州志.pdf,30957085,879,mostly_scanned_with_some_text
swhgz_0a97dcd8efa2,道光繁昌县志 乾隆铜陵县志.pdf,<LOCAL_SOURCE_ROOT>/道光繁昌县志 乾隆铜陵县志.pdf,15611370,478,scanned_image_pdf_no_text_layer
swhgz_a1b3e1bdbd46,道光重修仪徵县志.pdf,<LOCAL_SOURCE_ROOT>/道光重修仪徵县志.pdf,35507460,756,mostly_scanned_with_some_text
swhgz_9add5022130a,道光阜阳县志 民国阜阳县志续编.pdf,<LOCAL_SOURCE_ROOT>/道光阜阳县志 民国阜阳县志续编.pdf,24800614,653,scanned_image_pdf_no_text_layer
swhgz_194136f9f196,重刊荆溪县志（全）.pdf,<LOCAL_SOURCE_ROOT>/重刊荆溪县志（全）.pdf,8258180,422,scanned_image_pdf_no_text_layer
swhgz_6f3cc8876828,金山县志（一、二册）.pdf,<LOCAL_SOURCE_ROOT>/金山县志（一、二册）.pdf,16788449,883,mostly_scanned_with_some_text
swhgz_d6241d094de6,金山志（十卷）.pdf,<LOCAL_SOURCE_ROOT>/金山志（十卷）.pdf,16235046,560,scanned_image_pdf_no_text_layer
swhgz_2ce7dc05840f,金陵古今图考（上卷）.pdf,<LOCAL_SOURCE_ROOT>/金陵古今图考（上卷）.pdf,10603314,29,scanned_image_pdf_no_text_layer
swhgz_6bd6aa0af4d6,金陵古今图考（下卷）.pdf,<LOCAL_SOURCE_ROOT>/金陵古今图考（下卷）.pdf,13955940,33,scanned_image_pdf_no_text_layer
swhgz_8409ff0c9cb9,金陵图咏（全）.pdf,<LOCAL_SOURCE_ROOT>/金陵图咏（全）.pdf,5054046,228,scanned_image_pdf_no_text_layer
swhgz_ce239234d874,金陵待征录（全）.pdf,<LOCAL_SOURCE_ROOT>/金陵待征录（全）.pdf,4684712,179,scanned_image_pdf_no_text_layer
swhgz_fe253f78d7a7,金陵琐事·续金陵琐事·二续金陵琐事.pdf,<LOCAL_SOURCE_ROOT>/金陵琐事·续金陵琐事·二续金陵琐事.pdf,5900155,378,scanned_image_pdf_no_text_layer
swhgz_7869708337b2,金陵琐事（一、二、三册）.pdf,<LOCAL_SOURCE_ROOT>/金陵琐事（一、二、三册）.pdf,20021076,1210,scanned_image_pdf_no_text_layer
swhgz_65eb14c95abf,金陵琐志九种（上册）.pdf,<LOCAL_SOURCE_ROOT>/金陵琐志九种（上册）.pdf,17629262,303,scanned_image_pdf_no_text_layer
swhgz_1a93f1e0d73e,金陵胜迹志.pdf,<LOCAL_SOURCE_ROOT>/金陵胜迹志.pdf,8590827,113,scanned_image_pdf_no_text_layer
swhgz_99a490549e5f,铜陵县志（一、二册）.pdf,<LOCAL_SOURCE_ROOT>/铜陵县志（一、二册）.pdf,9543452,602,scanned_image_pdf_no_text_layer
swhgz_f540b9118917,铜陵市志.pdf,<LOCAL_SOURCE_ROOT>/铜陵市志.pdf,50617026,1169,mostly_scanned_with_some_text
swhgz_1df1adaa9631,镇江市志（上、下册）-01.pdf,<LOCAL_SOURCE_ROOT>/镇江市志（上、下册）-01.pdf,50557569,891,scanned_image_pdf_no_text_layer
swhgz_7fbd06624eda,镇江市志（上、下册）-02.pdf,<LOCAL_SOURCE_ROOT>/镇江市志（上、下册）-02.pdf,32711901,916,mostly_scanned_with_some_text
swhgz_32ffc1ff5554,阜宁县土壤志.pdf,<LOCAL_SOURCE_ROOT>/阜宁县土壤志.pdf,35127970,215,searchable_text_pdf
swhgz_b2619886fff1,阜阳市志.pdf,<LOCAL_SOURCE_ROOT>/阜阳市志.pdf,42537821,587,mostly_scanned_with_some_text
swhgz_8ef434453aa0,陇西志.pdf,<LOCAL_SOURCE_ROOT>/陇西志.pdf,15753160,508,scanned_image_pdf_no_text_layer
swhgz_526ed18649a5,青浦县志（一）.pdf,<LOCAL_SOURCE_ROOT>/青浦县志（一）.pdf,35723881,102,scanned_image_pdf_no_text_layer
swhgz_254f1e7ded66,青浦县志（七）-1.pdf,<LOCAL_SOURCE_ROOT>/青浦县志（七）-1.pdf,30582849,63,scanned_image_pdf_no_text_layer
swhgz_bc70b86f8116,青浦县志（七）-2.pdf,<LOCAL_SOURCE_ROOT>/青浦县志（七）-2.pdf,27008243,55,scanned_image_pdf_no_text_layer
swhgz_18696612a309,青浦县志（三）.pdf,<LOCAL_SOURCE_ROOT>/青浦县志（三）.pdf,44504589,95,scanned_image_pdf_no_text_layer
swhgz_eb211260509b,青浦县志（九）.pdf,<LOCAL_SOURCE_ROOT>/青浦县志（九）.pdf,28167614,64,scanned_image_pdf_no_text_layer
swhgz_cb9837f7588b,青浦县志（二）.pdf,<LOCAL_SOURCE_ROOT>/青浦县志（二）.pdf,38589347,88,scanned_image_pdf_no_text_layer
swhgz_e0ade04002ff,青浦县志（五）.pdf,<LOCAL_SOURCE_ROOT>/青浦县志（五）.pdf,46931214,102,scanned_image_pdf_no_text_layer
swhgz_214155ae0ae3,青浦县志（八）.pdf,<LOCAL_SOURCE_ROOT>/青浦县志（八）.pdf,40852556,93,scanned_image_pdf_no_text_layer
swhgz_4c1d4bff644e,青浦县志（六）.pdf,<LOCAL_SOURCE_ROOT>/青浦县志（六）.pdf,40725856,113,scanned_image_pdf_no_text_layer
swhgz_307175333254,青浦县志（十一）-1.pdf,<LOCAL_SOURCE_ROOT>/青浦县志（十一）-1.pdf,29555561,61,scanned_image_pdf_no_text_layer
swhgz_e42fa7c74a1d,青浦县志（十一）-2.pdf,<LOCAL_SOURCE_ROOT>/青浦县志（十一）-2.pdf,29219314,60,scanned_image_pdf_no_text_layer
swhgz_b2bece41e233,青浦县志（十二）-1.pdf,<LOCAL_SOURCE_ROOT>/青浦县志（十二）-1.pdf,36964117,77,scanned_image_pdf_no_text_layer
swhgz_c92485c4113d,青浦县志（十二）-2.pdf,<LOCAL_SOURCE_ROOT>/青浦县志（十二）-2.pdf,38468239,78,scanned_image_pdf_no_text_layer
swhgz_8227f9e3425f,青浦县志（十）.pdf,<LOCAL_SOURCE_ROOT>/青浦县志（十）.pdf,43994099,117,scanned_image_pdf_no_text_layer
swhgz_527a13915d91,青浦县志（四）.pdf,<LOCAL_SOURCE_ROOT>/青浦县志（四）.pdf,40560981,89,scanned_image_pdf_no_text_layer
swhgz_22794c5f8465,马鞍山市志.pdf,<LOCAL_SOURCE_ROOT>/马鞍山市志.pdf,40579822,1085,mostly_scanned_with_some_text
swhgz_535820c09c03,黄山市志.pdf,<LOCAL_SOURCE_ROOT>/黄山市志.pdf,24792988,890,scanned_image_pdf_no_text_layer
swhgz_eb50ee7515cd,黄山志.pdf,<LOCAL_SOURCE_ROOT>/黄山志.pdf,17555260,509,scanned_image_pdf_no_text_layer
swhgz_6c98c5f04bb5,黄山志定本（七卷）.pdf,<LOCAL_SOURCE_ROOT>/黄山志定本（七卷）.pdf,30853481,414,scanned_image_pdf_no_text_layer
swhgz_1272ac1d1b42,鼓楼区志.pdf,<LOCAL_SOURCE_ROOT>/鼓楼区志.pdf,9846904,746,searchable_text_pdf
swhgz_caf047ad9879,龙江船厂志.pdf,<LOCAL_SOURCE_ROOT>/龙江船厂志.pdf,7787798,302,mostly_scanned_with_some_text
swhgz_321ec29833ce,（万历）嘉定县志（卷一至卷七）.pdf,<LOCAL_SOURCE_ROOT>/（万历）嘉定县志（卷一至卷七）.pdf,11668051,139,scanned_image_pdf_no_text_layer
swhgz_b44d9357f9a0,（万历）扬州府志.pdf,<LOCAL_SOURCE_ROOT>/（万历）扬州府志.pdf,39563962,470,scanned_image_pdf_no_text_layer
swhgz_3e8acdade16f,（上海市）静安区志（一）.doc,<LOCAL_SOURCE_ROOT>/（上海市）静安区志（一）.doc,1700287,,
swhgz_d4ea3efdfadb,（乾隆）淮安府志（一）.pdf,<LOCAL_SOURCE_ROOT>/（乾隆）淮安府志（一）.pdf,31066779,457,scanned_image_pdf_no_text_layer
swhgz_aea188978cb3,（乾隆）淮安府志（二）.pdf,<LOCAL_SOURCE_ROOT>/（乾隆）淮安府志（二）.pdf,30006382,447,scanned_image_pdf_no_text_layer
swhgz_a6710cd82277,（元）至正无锡县志（一）.pdf,<LOCAL_SOURCE_ROOT>/（元）至正无锡县志（一）.pdf,31809906,70,scanned_image_pdf_no_text_layer
swhgz_caedb5760401,（元）至正无锡县志（二）.pdf,<LOCAL_SOURCE_ROOT>/（元）至正无锡县志（二）.pdf,29304875,62,scanned_image_pdf_no_text_layer
swhgz_902ff2914264,（光绪）皖志便览.pdf,<LOCAL_SOURCE_ROOT>/（光绪）皖志便览.pdf,7186632,356,scanned_image_pdf_no_text_layer
swhgz_a19153cf1224,（咸淳）重修毗陵志 （嘉庆）广陵事略.pdf,<LOCAL_SOURCE_ROOT>/（咸淳）重修毗陵志 （嘉庆）广陵事略.pdf,28900001,398,scanned_image_pdf_no_text_layer
swhgz_fcbb8a0e60f1,（嘉定）镇江志.pdf,<LOCAL_SOURCE_ROOT>/（嘉定）镇江志.pdf,11857551,173,scanned_image_pdf_no_text_layer
swhgz_9b328fe0e9e3,（嘉庆）东流县志.pdf,<LOCAL_SOURCE_ROOT>/（嘉庆）东流县志.pdf,25258289,327,scanned_image_pdf_no_text_layer
swhgz_9a93e3c97d3d,（嘉庆）凤台县志.pdf,<LOCAL_SOURCE_ROOT>/（嘉庆）凤台县志.pdf,17194548,186,scanned_image_pdf_no_text_layer
swhgz_64d57865f618,（嘉庆）新修江宁府志（一）.pdf,<LOCAL_SOURCE_ROOT>/（嘉庆）新修江宁府志（一）.pdf,32461477,460,scanned_image_pdf_no_text_layer
swhgz_ae0e37516948,（嘉庆）新修江宁府志（二）.pdf,<LOCAL_SOURCE_ROOT>/（嘉庆）新修江宁府志（二）.pdf,29985090,359,scanned_image_pdf_no_text_layer
swhgz_4d42b5b3aef4,（嘉庆）松江府志（卷一至卷二十六）.pdf,<LOCAL_SOURCE_ROOT>/（嘉庆）松江府志（卷一至卷二十六）.pdf,49135962,575,scanned_image_pdf_no_text_layer
swhgz_4f4168ccc08f,（嘉庆）松江府志（卷七十六至卷八十四）.pdf,<LOCAL_SOURCE_ROOT>/（嘉庆）松江府志（卷七十六至卷八十四）.pdf,19350822,219,scanned_image_pdf_no_text_layer
swhgz_fa4c9b29094f,（嘉庆）松江府志（卷二十七至卷五十五）.pdf,<LOCAL_SOURCE_ROOT>/（嘉庆）松江府志（卷二十七至卷五十五）.pdf,48969487,657,scanned_image_pdf_no_text_layer
swhgz_4246d0a6d289,（嘉庆）松江府志（卷五十六至卷七十五）.pdf,<LOCAL_SOURCE_ROOT>/（嘉庆）松江府志（卷五十六至卷七十五）.pdf,36624124,426,scanned_image_pdf_no_text_layer
swhgz_4dae6c5a41e0,（嘉庆）直隶太仓州志（一）.pdf,<LOCAL_SOURCE_ROOT>/（嘉庆）直隶太仓州志（一）.pdf,30989488,422,scanned_image_pdf_no_text_layer
swhgz_1dcf6d25fc94,（嘉庆）直隶太仓州志（三）.pdf,<LOCAL_SOURCE_ROOT>/（嘉庆）直隶太仓州志（三）.pdf,22070126,279,scanned_image_pdf_no_text_layer
swhgz_278cced0bb48,（嘉庆）直隶太仓州志（二）.pdf,<LOCAL_SOURCE_ROOT>/（嘉庆）直隶太仓州志（二）.pdf,23904509,284,scanned_image_pdf_no_text_layer
swhgz_413252fd92aa,（宝祐）重修琴川志.pdf,<LOCAL_SOURCE_ROOT>/（宝祐）重修琴川志.pdf,7433544,102,scanned_image_pdf_no_text_layer
swhgz_3e14f5774676,（弘治）重修无锡县志.pdf,<LOCAL_SOURCE_ROOT>/（弘治）重修无锡县志.pdf,34273342,940,scanned_image_pdf_no_text_layer
swhgz_f7b73f8b54c1,（民国）安徽概览.pdf,<LOCAL_SOURCE_ROOT>/（民国）安徽概览.pdf,44123964,371,scanned_image_pdf_no_text_layer
swhgz_9150eaf92fe1,（淳祐）玉峰志 （咸淳）玉峰续志.pdf,<LOCAL_SOURCE_ROOT>/（淳祐）玉峰志 （咸淳）玉峰续志.pdf,2827434,55,scanned_image_pdf_no_text_layer
swhgz_d484edc58aa1,（清）张泽志稿·张泽志·干山志·民国佘山小志.pdf,<LOCAL_SOURCE_ROOT>/（清）张泽志稿·张泽志·干山志·民国佘山小志.pdf,29359549,508,scanned_image_pdf_no_text_layer
swhgz_3e83aa1cea5d,（清）朱泾志·干巷志·寒圩志·重辑张堰志.pdf,<LOCAL_SOURCE_ROOT>/（清）朱泾志·干巷志·寒圩志·重辑张堰志.pdf,183593391,669,scanned_image_pdf_no_text_layer
swhgz_3a781e6e76ce,（清）罗店镇志 （民国）盛桥里志 大场里志 江湾 (1).pdf,<LOCAL_SOURCE_ROOT>/（清）罗店镇志 （民国）盛桥里志 大场里志 江湾 (1).pdf,28488624,458,scanned_image_pdf_no_text_layer
swhgz_c82eb4c8bf7c,（清）罗店镇志 （民国）盛桥里志 大场里志 江湾.pdf,<LOCAL_SOURCE_ROOT>/（清）罗店镇志 （民国）盛桥里志 大场里志 江湾.pdf,27334950,474,scanned_image_pdf_no_text_layer
swhgz_8e1de6dd7574,（清）重辑枫泾小志·续修枫泾小志.pdf,<LOCAL_SOURCE_ROOT>/（清）重辑枫泾小志·续修枫泾小志.pdf,36190528,708,scanned_image_pdf_no_text_layer
swhgz_054a3f6b3531,（绍熙）云间志.pdf,<LOCAL_SOURCE_ROOT>/（绍熙）云间志.pdf,3886686,79,scanned_image_pdf_no_text_layer
swhgz_641cfa49561e,（至正）昆山郡志.pdf,<LOCAL_SOURCE_ROOT>/（至正）昆山郡志.pdf,2857808,47,scanned_image_pdf_no_text_layer
swhgz_a67aee619047,（至顺）镇江志.pdf,<LOCAL_SOURCE_ROOT>/（至顺）镇江志.pdf,16116214,203,scanned_image_pdf_no_text_layer
swhgz_8de9b5845a20,（连云港市）海州区志.pdf,<LOCAL_SOURCE_ROOT>/（连云港市）海州区志.pdf,17167471,540,scanned_image_pdf_no_text_layer
swhgz_842a00b22f4b,（道光）来安县志.pdf,<LOCAL_SOURCE_ROOT>/（道光）来安县志.pdf,4229532,519,searchable_text_pdf
