entity_id,dialect_term,explanation_or_context,place,doc_id,page_number,context_snippet,confidence
dialect_685aff1148cf99,方言,".450 第二节盛泽望族…………... . . . .………"" .., •.. .., ...452 第六章方言……………………………………………… 455 第一节词汇.. . '"" . .…. . . . . . . .",盛泽镇,swhgz_8ac060901a96,15,".450 第二节盛泽望族…………... . . . .………"" .., •.. .., ...452 第六章方言……………………………………………… 455 第一节词汇.. . '"" . .…. . . . . . . .",high
dialect_77ab532b4d9217,俗语,". . . . . . .……. ... ..- ... .., ••• ••• ...455 第二节谚语俗语…….. . . . .………·………. ... '..459 第三节歇后语……. . . . ..…………",盛泽镇,swhgz_8ac060901a96,15,". . . . . . .……. ... ..- ... .., ••• ••• ...455 第二节谚语俗语…….. . . . .………·………. ... '..459 第三节歇后语……. . . . ..…………",medium
dialect_204f1371c076da,方言,"徐民与郑民亦为表亲。建国后，由于社会变革和人们的观念真新， 己不存在""望族""之称. 454 第六章方 盛泽的方言和整个吴江县的方言一样属吴语系。在吴江县的 方言中，大体可分为松陵、震泽、盛泽3 个区域。县境的东北部近 松陵",吴江县;吴江,swhgz_8ac060901a96,115,"徐民与郑民亦为表亲。建国后，由于社会变革和人们的观念真新， 己不存在""望族""之称. 454 第六章方 盛泽的方言和整个吴江县的方言一样属吴语系。在吴江县的 方言中，大体可分为松陵、震泽、盛泽3 个区域。县境的东北部近 松陵",high
dialect_d61a12d5b5fd9f,方言,"。建国后，由于社会变革和人们的观念真新， 己不存在""望族""之称. 454 第六章方 盛泽的方言和整个吴江县的方言一样属吴语系。在吴江县的 方言中，大体可分为松陵、震泽、盛泽3 个区域。县境的东北部近 松陵，西部近震泽。而盛",吴江县;吴江,swhgz_8ac060901a96,115,"。建国后，由于社会变革和人们的观念真新， 己不存在""望族""之称. 454 第六章方 盛泽的方言和整个吴江县的方言一样属吴语系。在吴江县的 方言中，大体可分为松陵、震泽、盛泽3 个区域。县境的东北部近 松陵，西部近震泽。而盛",high
dialect_350c55a0120c29,方言,"观念真新， 己不存在""望族""之称. 454 第六章方 盛泽的方言和整个吴江县的方言一样属吴语系。在吴江县的 方言中，大体可分为松陵、震泽、盛泽3 个区域。县境的东北部近 松陵，西部近震泽。而盛泽方言独树一帜，在语音和词汇上",吴江县;吴江,swhgz_8ac060901a96,115,"观念真新， 己不存在""望族""之称. 454 第六章方 盛泽的方言和整个吴江县的方言一样属吴语系。在吴江县的 方言中，大体可分为松陵、震泽、盛泽3 个区域。县境的东北部近 松陵，西部近震泽。而盛泽方言独树一帜，在语音和词汇上",high
dialect_6657a40979de11,方言,"样属吴语系。在吴江县的 方言中，大体可分为松陵、震泽、盛泽3 个区域。县境的东北部近 松陵，西部近震泽。而盛泽方言独树一帜，在语音和词汇上与松陵、 震泽多有差异。以称呼论，""吾佳""(我们)在盛泽以外的其它区域 均不使用。""缆",吴江县;吴江,swhgz_8ac060901a96,115,"样属吴语系。在吴江县的 方言中，大体可分为松陵、震泽、盛泽3 个区域。县境的东北部近 松陵，西部近震泽。而盛泽方言独树一帜，在语音和词汇上与松陵、 震泽多有差异。以称呼论，""吾佳""(我们)在盛泽以外的其它区域 均不使用。""缆",high
dialect_376074e46aed8c,吴语,"由于社会变革和人们的观念真新， 己不存在""望族""之称. 454 第六章方 盛泽的方言和整个吴江县的方言一样属吴语系。在吴江县的 方言中，大体可分为松陵、震泽、盛泽3 个区域。县境的东北部近 松陵，西部近震泽。而盛泽方言独树",吴江县;吴江,swhgz_8ac060901a96,115,"由于社会变革和人们的观念真新， 己不存在""望族""之称. 454 第六章方 盛泽的方言和整个吴江县的方言一样属吴语系。在吴江县的 方言中，大体可分为松陵、震泽、盛泽3 个区域。县境的东北部近 松陵，西部近震泽。而盛泽方言独树",high
dialect_13d4bac4b21068,俗语,稳 市货一一物件质量好，货真 价实 遥腾腾一一遥远 寻铜锢一一挣钱 垫舌头一一不体面 扰-.-浪费 第二节谚语俗语 有打有骂有值钱(对孩子既爱护叉严格) 贪贱两家穷(两家指买卖双方) 者糠搓绳开头难 猫射污、狗做主(甲的事由,盛泽镇,swhgz_8ac060901a96,117,稳 市货一一物件质量好，货真 价实 遥腾腾一一遥远 寻铜锢一一挣钱 垫舌头一一不体面 扰-.-浪费 第二节谚语俗语 有打有骂有值钱(对孩子既爱护叉严格) 贪贱两家穷(两家指买卖双方) 者糠搓绳开头难 猫射污、狗做主(甲的事由,medium
dialect_f02c2fab652710,方言,不委用”之下忽接“痛责监禁”云云，必有脱误。又“助屯 工食”句下、“虚费官银”句下似皆有阙文，无从查补。 卷六方言 “虹”曰“扛”、“肉”曰“揉”、“忘”曰“望”，皆韵书所有。旧志以为来邑土音，盖未考耳。 卷十一人物,来安县,swhgz_842a00b22f4b,499,不委用”之下忽接“痛责监禁”云云，必有脱误。又“助屯 工食”句下、“虚费官银”句下似皆有阙文，无从查补。 卷六方言 “虹”曰“扛”、“肉”曰“揉”、“忘”曰“望”，皆韵书所有。旧志以为来邑土音，盖未考耳。 卷十一人物,high
dialect_0a8b2ec2a39e38,音系,。新投放的10辆商务班车，宽敞的车身内仅设置了32个座位，按“2＋1”格局排列 每车配有7台液晶电视和高档影音系统，车辆的动力性、安全性和乘坐舒适度大大提高。 2007年8月15日 南京白鹭客运公司开通南京至上海浦东机场和,南京;上海,swhgz_4156be344675,26,。新投放的10辆商务班车，宽敞的车身内仅设置了32个座位，按“2＋1”格局排列 每车配有7台液晶电视和高档影音系统，车辆的动力性、安全性和乘坐舒适度大大提高。 2007年8月15日 南京白鹭客运公司开通南京至上海浦东机场和,medium
dialect_c1b5be855aa697,方言,吟，感叹唏嘘不能置”。12岁起参加童子试，6次应试而不第，遂放弃科举业。光绪二十六年 ，吴樾到上海，考入“广方言馆”。当时八国联军攻入北京，清廷与外国订立丧权辱国的“辛丑条约”，国家正面临生死存亡的危急关头，吴樾悲愤交加，,上海,swhgz_321865661e46,139,吟，感叹唏嘘不能置”。12岁起参加童子试，6次应试而不第，遂放弃科举业。光绪二十六年 ，吴樾到上海，考入“广方言馆”。当时八国联军攻入北京，清廷与外国订立丧权辱国的“辛丑条约”，国家正面临生死存亡的危急关头，吴樾悲愤交加，,high
dialect_7845de3eda206e,方言,、官制、警政、自治，财政，司法；卷7～8教育；卷9兵备、交通；卷10外交；卷11～12食货，卷13礼俗；卷14方言、宗教；卷15人表、艺文；卷16历代大事表。凡图52、照片75、表60。是志不囿于旧志门类，自立义例。其《气候,,swhgz_4ce3b5c5c31c,18,、官制、警政、自治，财政，司法；卷7～8教育；卷9兵备、交通；卷10外交；卷11～12食货，卷13礼俗；卷14方言、宗教；卷15人表、艺文；卷16历代大事表。凡图52、照片75、表60。是志不囿于旧志门类，自立义例。其《气候,high
dialect_81bb7473d9bc08,方言,。其《气候》、《警政》、《自治》、《司法》、《外交》等为向之所无者，约占全书的十分之四。《交通》、《礼俗》、《方言》、《宗教》于旧志为附庸，今蔚为大观。《人物》一门，历来旧志记载甚详，此以陈作霖《金陵通传》俱在，故仅表其名，,金陵,swhgz_4ce3b5c5c31c,18,。其《气候》、《警政》、《自治》、《司法》、《外交》等为向之所无者，约占全书的十分之四。《交通》、《礼俗》、《方言》、《宗教》于旧志为附庸，今蔚为大观。《人物》一门，历来旧志记载甚详，此以陈作霖《金陵通传》俱在，故仅表其名，,high
dialect_c31653ec1bd755,方言,有邑人杨栻《后跋》。记事止于康熙59年。《恭纪南巡盛典》记清圣祖玄烨南巡驻跸事，《摭伏》收有古迹、人物、碑刻、方言、器皿、天文仪器、南京国子监所藏官书锲板目录、前辈著述目录、本籍人书法品评、绘画评论等。其《学校志》，多取材于,南京,swhgz_4ce3b5c5c31c,28,有邑人杨栻《后跋》。记事止于康熙59年。《恭纪南巡盛典》记清圣祖玄烨南巡驻跸事，《摭伏》收有古迹、人物、碑刻、方言、器皿、天文仪器、南京国子监所藏官书锲板目录、前辈著述目录、本籍人书法品评、绘画评论等。其《学校志》，多取材于,high
dialect_438beea95ad49f,方言,田亩、额征、芦课、岁计、蠲赈、积储、杂税、地方税、公款公产、盐法；7．礼俗志：祀典（特祀、官祀、私祀）、风俗（方言、谣谚）、宗教（佛教、道教、耶教、回教）；8．交通志：陆路、驿路、铁路、航政、邮政、电报；9．兵防志：兵事、军,,swhgz_4ce3b5c5c31c,34,田亩、额征、芦课、岁计、蠲赈、积储、杂税、地方税、公款公产、盐法；7．礼俗志：祀典（特祀、官祀、私祀）、风俗（方言、谣谚）、宗教（佛教、道教、耶教、回教）；8．交通志：陆路、驿路、铁路、航政、邮政、电报；9．兵防志：兵事、军,high
dialect_cba14f28d3148a,方言,（道里附）、星分、山川（亭榭附）、田壤、古迹；卷7风俗：士风、农风、工风、商风、妇女风、游民风、异教风、通风、方言，人物：道德、名节、孝义，政事、功名；卷8人物：隐逸、文学、列女；卷9名宦：守令、副贰、学职、将官、杂属；卷1,,swhgz_4ce3b5c5c31c,51,（道里附）、星分、山川（亭榭附）、田壤、古迹；卷7风俗：士风、农风、工风、商风、妇女风、游民风、异教风、通风、方言，人物：道德、名节、孝义，政事、功名；卷8人物：隐逸、文学、列女；卷9名宦：守令、副贰、学职、将官、杂属；卷1,high
dialect_beb650618cfa37,俗语,了补充资料。但唱词部分受韵文形式所限，不如解述具有较翔实的资料价值。不过唱词中的方言俚语，却提供了研究当地方言俗语的宝贵资料。 （许卫平）,,swhgz_4ce3b5c5c31c,195,了补充资料。但唱词部分受韵文形式所限，不如解述具有较翔实的资料价值。不过唱词中的方言俚语，却提供了研究当地方言俗语的宝贵资料。 （许卫平）,medium
dialect_410fd860e9b51a,吴语,《西石城风俗志》是江苏地区仅有的一部系统、真实记载一个村落风俗的专志，与《清嘉录》等同被我国民俗学界公认为反映吴语地区历史风土人情的重要著作。 （彭 快） 【佚志】,江苏,swhgz_4ce3b5c5c31c,237,《西石城风俗志》是江苏地区仅有的一部系统、真实记载一个村落风俗的专志，与《清嘉录》等同被我国民俗学界公认为反映吴语地区历史风土人情的重要著作。 （彭 快） 【佚志】,high
dialect_e869c5a33ed283,俗语,了补充资料。但唱词部分受韵文形式所限，不如解述具有较翔实的资料价值。不过唱词中的方言俚语，却提供了研究当地方言俗语的宝贵资料。 （许卫平）,,swhgz_4ce3b5c5c31c,254,了补充资料。但唱词部分受韵文形式所限，不如解述具有较翔实的资料价值。不过唱词中的方言俚语，却提供了研究当地方言俗语的宝贵资料。 （许卫平）,medium
dialect_eeb684a4a9d904,吴语,《西石城风俗志》是江苏地区仅有的一部系统、真实记载一个村落风俗的专志，与《清嘉录》等同被我国民俗学界公认为反映吴语地区历史风土人情的重要著作。 （彭 快） 【佚志】,江苏,swhgz_4ce3b5c5c31c,296,《西石城风俗志》是江苏地区仅有的一部系统、真实记载一个村落风俗的专志，与《清嘉录》等同被我国民俗学界公认为反映吴语地区历史风土人情的重要著作。 （彭 快） 【佚志】,high
