entity_id,person_name,role_or_category,dynasty_or_period,doc_id,page_number,context_snippet,confidence
person_1e569ba95a7d44,储厥芳,顾问,,swhgz_f4a9a18a5f20,32,医技术 资源，开发岳西各享有一定医疗威望的中医名家的学术思想，成立“《岳西县 名老中医经验集》编辑委员会”。 顾问：储厥芳、柏兴惠、陈多学 主编：储昭朗 副主编：吴保印、崔世绪、储著忠 委员：宋祥林、陶康生、汪一江、张德喜、储晓玲 编辑室主任,high
person_c5d2c13df97150,柏兴惠,顾问,,swhgz_f4a9a18a5f20,32,医技术 资源，开发岳西各享有一定医疗威望的中医名家的学术思想，成立“《岳西县 名老中医经验集》编辑委员会”。 顾问：储厥芳、柏兴惠、陈多学 主编：储昭朗 副主编：吴保印、崔世绪、储著忠 委员：宋祥林、陶康生、汪一江、张德喜、储晓玲 编辑室主任,high
person_77badce1842e70,陈多学,顾问,,swhgz_f4a9a18a5f20,32,医技术 资源，开发岳西各享有一定医疗威望的中医名家的学术思想，成立“《岳西县 名老中医经验集》编辑委员会”。 顾问：储厥芳、柏兴惠、陈多学 主编：储昭朗 副主编：吴保印、崔世绪、储著忠 委员：宋祥林、陶康生、汪一江、张德喜、储晓玲 编辑室主任,high
person_24f80c8340ef7e,储昭朗,主编,,swhgz_f4a9a18a5f20,32,医疗威望的中医名家的学术思想，成立“《岳西县 名老中医经验集》编辑委员会”。 顾问：储厥芳、柏兴惠、陈多学 主编：储昭朗 副主编：吴保印、崔世绪、储著忠 委员：宋祥林、陶康生、汪一江、张德喜、储晓玲 编辑室主任：储著忠（兼）,high
person_d5bd96240b3ffd,吴保印,副主编,,swhgz_f4a9a18a5f20,32,家的学术思想，成立“《岳西县 名老中医经验集》编辑委员会”。 顾问：储厥芳、柏兴惠、陈多学 主编：储昭朗 副主编：吴保印、崔世绪、储著忠 委员：宋祥林、陶康生、汪一江、张德喜、储晓玲 编辑室主任：储著忠（兼） 副主任：汪一江（常务）、张德喜,high
person_9573b0bfd6ee82,崔世绪,副主编,,swhgz_f4a9a18a5f20,32,家的学术思想，成立“《岳西县 名老中医经验集》编辑委员会”。 顾问：储厥芳、柏兴惠、陈多学 主编：储昭朗 副主编：吴保印、崔世绪、储著忠 委员：宋祥林、陶康生、汪一江、张德喜、储晓玲 编辑室主任：储著忠（兼） 副主任：汪一江（常务）、张德喜,high
person_46e2cfd8a06288,储著忠,副主编,,swhgz_f4a9a18a5f20,32,家的学术思想，成立“《岳西县 名老中医经验集》编辑委员会”。 顾问：储厥芳、柏兴惠、陈多学 主编：储昭朗 副主编：吴保印、崔世绪、储著忠 委员：宋祥林、陶康生、汪一江、张德喜、储晓玲 编辑室主任：储著忠（兼） 副主任：汪一江（常务）、张德喜,high
person_e38faae614d5ad,宋祥林,委员,,swhgz_f4a9a18a5f20,32,中医经验集》编辑委员会”。 顾问：储厥芳、柏兴惠、陈多学 主编：储昭朗 副主编：吴保印、崔世绪、储著忠 委员：宋祥林、陶康生、汪一江、张德喜、储晓玲 编辑室主任：储著忠（兼） 副主任：汪一江（常务）、张德喜 是月，县委、县政府为加强农村中医工作先进县建设,high
person_15b9c1bbcf7b52,陶康生,委员,,swhgz_f4a9a18a5f20,32,中医经验集》编辑委员会”。 顾问：储厥芳、柏兴惠、陈多学 主编：储昭朗 副主编：吴保印、崔世绪、储著忠 委员：宋祥林、陶康生、汪一江、张德喜、储晓玲 编辑室主任：储著忠（兼） 副主任：汪一江（常务）、张德喜 是月，县委、县政府为加强农村中医工作先进县建设,high
person_43a5cca874fa7b,汪一江,委员,,swhgz_f4a9a18a5f20,32,中医经验集》编辑委员会”。 顾问：储厥芳、柏兴惠、陈多学 主编：储昭朗 副主编：吴保印、崔世绪、储著忠 委员：宋祥林、陶康生、汪一江、张德喜、储晓玲 编辑室主任：储著忠（兼） 副主任：汪一江（常务）、张德喜 是月，县委、县政府为加强农村中医工作先进县建设,high
person_e68b2765dba5d7,张德喜,委员,,swhgz_f4a9a18a5f20,32,中医经验集》编辑委员会”。 顾问：储厥芳、柏兴惠、陈多学 主编：储昭朗 副主编：吴保印、崔世绪、储著忠 委员：宋祥林、陶康生、汪一江、张德喜、储晓玲 编辑室主任：储著忠（兼） 副主任：汪一江（常务）、张德喜 是月，县委、县政府为加强农村中医工作先进县建设,high
person_7888fb98cdec5f,储晓玲,委员,,swhgz_f4a9a18a5f20,32,中医经验集》编辑委员会”。 顾问：储厥芳、柏兴惠、陈多学 主编：储昭朗 副主编：吴保印、崔世绪、储著忠 委员：宋祥林、陶康生、汪一江、张德喜、储晓玲 编辑室主任：储著忠（兼） 副主任：汪一江（常务）、张德喜 是月，县委、县政府为加强农村中医工作先进县建设,high
person_b0fab94b6ad33b,储著忠,主任,,swhgz_f4a9a18a5f20,32,学 主编：储昭朗 副主编：吴保印、崔世绪、储著忠 委员：宋祥林、陶康生、汪一江、张德喜、储晓玲 编辑室主任：储著忠（兼） 副主任：汪一江（常务）、张德喜 是月，县委、县政府为加强农村中医工作先进县建设，召开了全县中医工,high
person_868a1eefee67bd,汪一江,副主任,,swhgz_f4a9a18a5f20,32,副主编：吴保印、崔世绪、储著忠 委员：宋祥林、陶康生、汪一江、张德喜、储晓玲 编辑室主任：储著忠（兼） 副主任：汪一江（常务）、张德喜 是月，县委、县政府为加强农村中医工作先进县建设，召开了全县中医工 作专题会议，要求加大实施,high
person_6e84ba8072130e,程玉松,主任,,swhgz_f4a9a18a5f20,40,导小组。 组 长：储诚胜 副组长：李建林 程贤福 成 员：蒋长根 石志才 王学宏 王启佳 程玉松 办公室主任：程玉松（兼） 一九九三年十一月，世界银行农村卫生人力开发项目获批准在岳西县实施，项 目开发正式生效。 一九九五年，,high
person_32e95e57a61125,储昭朗,主任,,swhgz_f4a9a18a5f20,43,敷 储昭朗 同期，为加强项目工作，强化各领域的分工合作，项目领导小组决定增加卫 生Ⅷ项目办公室组成人员： 主 任：储昭朗 副主任：方翠霞 金家明 成 员：宋丰年 赵郁森 汪孟根 李 红 胡建荣 程晓莉 汪为桥 项目实施进展：,high
person_f9d00fe3565d85,方翠霞,副主任,2003,swhgz_f4a9a18a5f20,43,，为加强项目工作，强化各领域的分工合作，项目领导小组决定增加卫 生Ⅷ项目办公室组成人员： 主 任：储昭朗 副主任：方翠霞 金家明 成 员：宋丰年 赵郁森 汪孟根 李 红 胡建荣 程晓莉 汪为桥 项目实施进展：截止2003 年12 月，,high
person_e72a8ef5a8f7c0,金家明,副主任,2003,swhgz_f4a9a18a5f20,43,，为加强项目工作，强化各领域的分工合作，项目领导小组决定增加卫 生Ⅷ项目办公室组成人员： 主 任：储昭朗 副主任：方翠霞 金家明 成 员：宋丰年 赵郁森 汪孟根 李 红 胡建荣 程晓莉 汪为桥 项目实施进展：截止2003 年12 月，,high
person_61f541da7409e2,龙换来,主任,,swhgz_f4a9a18a5f20,77,杨续贵 成 员：王学宏 郑大国 尚 凯 张大春 周民德 汪名和 余克胜 蒋本旺 朱海云 胡应物 办公室主任：龙换来，副主任：吉 辉 二OOO 年，由于各单位人员变动，领导小组及办公室组成人员部分调整。 副组长：林壬寅，刘同柱；办公,high
person_f49c2279c9f70a,陶煜,副主任,1949,swhgz_f4a9a18a5f20,184,特别是在肾病的中西医结合治疗 方面有独到之处。 现任科主任韩礼平，医学本科毕业，内科副主任医师 内科历任正、副主任：陶煜、吴传华、刘志高、彭衍胜、徐万佳、韩礼平、 刘锐锋、刘炉生、汪曙光 外科 1949 年，县医院成立时，医疗条件简陋，没有手术器械，没有专 职的外科医生,high
person_f99e1f0e8722a1,吴传华,副主任,1949,swhgz_f4a9a18a5f20,184,特别是在肾病的中西医结合治疗 方面有独到之处。 现任科主任韩礼平，医学本科毕业，内科副主任医师 内科历任正、副主任：陶煜、吴传华、刘志高、彭衍胜、徐万佳、韩礼平、 刘锐锋、刘炉生、汪曙光 外科 1949 年，县医院成立时，医疗条件简陋，没有手术器械，没有专 职的外科医生,high
person_59d9ebc6516cf8,刘志高,副主任,1949,swhgz_f4a9a18a5f20,184,特别是在肾病的中西医结合治疗 方面有独到之处。 现任科主任韩礼平，医学本科毕业，内科副主任医师 内科历任正、副主任：陶煜、吴传华、刘志高、彭衍胜、徐万佳、韩礼平、 刘锐锋、刘炉生、汪曙光 外科 1949 年，县医院成立时，医疗条件简陋，没有手术器械，没有专 职的外科医生,high
person_549d5ddc953136,彭衍胜,副主任,1949,swhgz_f4a9a18a5f20,184,特别是在肾病的中西医结合治疗 方面有独到之处。 现任科主任韩礼平，医学本科毕业，内科副主任医师 内科历任正、副主任：陶煜、吴传华、刘志高、彭衍胜、徐万佳、韩礼平、 刘锐锋、刘炉生、汪曙光 外科 1949 年，县医院成立时，医疗条件简陋，没有手术器械，没有专 职的外科医生,high
person_767f89834f6f31,徐万佳,副主任,1949,swhgz_f4a9a18a5f20,184,特别是在肾病的中西医结合治疗 方面有独到之处。 现任科主任韩礼平，医学本科毕业，内科副主任医师 内科历任正、副主任：陶煜、吴传华、刘志高、彭衍胜、徐万佳、韩礼平、 刘锐锋、刘炉生、汪曙光 外科 1949 年，县医院成立时，医疗条件简陋，没有手术器械，没有专 职的外科医生,high
person_9de79a183fca28,韩礼平,副主任,1949,swhgz_f4a9a18a5f20,184,特别是在肾病的中西医结合治疗 方面有独到之处。 现任科主任韩礼平，医学本科毕业，内科副主任医师 内科历任正、副主任：陶煜、吴传华、刘志高、彭衍胜、徐万佳、韩礼平、 刘锐锋、刘炉生、汪曙光 外科 1949 年，县医院成立时，医疗条件简陋，没有手术器械，没有专 职的外科医生,high
person_4b1745e4db1b0e,赵献富,副主任,1949,swhgz_f4a9a18a5f20,186,分丰富的临床经验，曾多次得到省市级专家的好评。 现任科主任储为民，医学本科毕业，骨科副主任医师 外科历任正、副主任：赵献富、顾德荣、孙作岚、路仲奎、林太银、王跃 东、刘敬东、崔道满、储为民、汪从然 儿科 1949 年，县医院未专设儿科，也没有专职的儿科医生，仅能开展,high
person_01357ffc0ff703,顾德荣,副主任,1949,swhgz_f4a9a18a5f20,186,分丰富的临床经验，曾多次得到省市级专家的好评。 现任科主任储为民，医学本科毕业，骨科副主任医师 外科历任正、副主任：赵献富、顾德荣、孙作岚、路仲奎、林太银、王跃 东、刘敬东、崔道满、储为民、汪从然 儿科 1949 年，县医院未专设儿科，也没有专职的儿科医生，仅能开展,high
person_e8f09a803cf8ab,孙作岚,副主任,1949,swhgz_f4a9a18a5f20,186,分丰富的临床经验，曾多次得到省市级专家的好评。 现任科主任储为民，医学本科毕业，骨科副主任医师 外科历任正、副主任：赵献富、顾德荣、孙作岚、路仲奎、林太银、王跃 东、刘敬东、崔道满、储为民、汪从然 儿科 1949 年，县医院未专设儿科，也没有专职的儿科医生，仅能开展,high
person_b50e59f75b0f52,路仲奎,副主任,1949,swhgz_f4a9a18a5f20,186,分丰富的临床经验，曾多次得到省市级专家的好评。 现任科主任储为民，医学本科毕业，骨科副主任医师 外科历任正、副主任：赵献富、顾德荣、孙作岚、路仲奎、林太银、王跃 东、刘敬东、崔道满、储为民、汪从然 儿科 1949 年，县医院未专设儿科，也没有专职的儿科医生，仅能开展,high
person_6408453912e183,林太银,副主任,1949,swhgz_f4a9a18a5f20,186,分丰富的临床经验，曾多次得到省市级专家的好评。 现任科主任储为民，医学本科毕业，骨科副主任医师 外科历任正、副主任：赵献富、顾德荣、孙作岚、路仲奎、林太银、王跃 东、刘敬东、崔道满、储为民、汪从然 儿科 1949 年，县医院未专设儿科，也没有专职的儿科医生，仅能开展,high
person_71aebd69239df4,王跃,副主任,1949,swhgz_f4a9a18a5f20,186,分丰富的临床经验，曾多次得到省市级专家的好评。 现任科主任储为民，医学本科毕业，骨科副主任医师 外科历任正、副主任：赵献富、顾德荣、孙作岚、路仲奎、林太银、王跃 东、刘敬东、崔道满、储为民、汪从然 儿科 1949 年，县医院未专设儿科，也没有专职的儿科医生，仅能开展,high
person_a8fbe1a7fd1a9f,戴恩助,主任,,swhgz_f4a9a18a5f20,186,疗仪等设施。在小儿心肺复苏、新生儿黄疸、小儿心衰、呼吸衰竭的治疗抢救 方面积累了丰富的临床经验， 儿科历任科主任：戴恩助、吴传华、田德荣 现任科主任李红兵，医学本科毕业，儿科主治医师 妇科 县医院初建时，未设立妇产科，更无专职的妇产科医师，仅开,high
person_c42c7611ea1229,吴传华,主任,,swhgz_f4a9a18a5f20,186,疗仪等设施。在小儿心肺复苏、新生儿黄疸、小儿心衰、呼吸衰竭的治疗抢救 方面积累了丰富的临床经验， 儿科历任科主任：戴恩助、吴传华、田德荣 现任科主任李红兵，医学本科毕业，儿科主治医师 妇科 县医院初建时，未设立妇产科，更无专职的妇产科医师，仅开,high
person_c5c41677ca2369,田德荣,主任,,swhgz_f4a9a18a5f20,186,疗仪等设施。在小儿心肺复苏、新生儿黄疸、小儿心衰、呼吸衰竭的治疗抢救 方面积累了丰富的临床经验， 儿科历任科主任：戴恩助、吴传华、田德荣 现任科主任李红兵，医学本科毕业，儿科主治医师 妇科 县医院初建时，未设立妇产科，更无专职的妇产科医师，仅开,high
person_305d4c8d5c67e4,徐惠芳,副主任,2002,swhgz_f4a9a18a5f20,187,2002 年开展的无痛人流、无痛分娩的治疗项目，有效地减轻了病人痛苦，深 受广大患者的欢迎。 历任妇产科正、副主任：徐惠芳、王红雨、江绍玲 现任科主任王红雨，医疗中专毕业，妇产科主治医师 传染科 县医院建院之初，虽然未设立专门的传染科，但医院所面,high
person_3e19b37567038e,王红雨,副主任,2002,swhgz_f4a9a18a5f20,187,2002 年开展的无痛人流、无痛分娩的治疗项目，有效地减轻了病人痛苦，深 受广大患者的欢迎。 历任妇产科正、副主任：徐惠芳、王红雨、江绍玲 现任科主任王红雨，医疗中专毕业，妇产科主治医师 传染科 县医院建院之初，虽然未设立专门的传染科，但医院所面,high
person_a40344864b67eb,江绍玲,副主任,2002,swhgz_f4a9a18a5f20,187,2002 年开展的无痛人流、无痛分娩的治疗项目，有效地减轻了病人痛苦，深 受广大患者的欢迎。 历任妇产科正、副主任：徐惠芳、王红雨、江绍玲 现任科主任王红雨，医疗中专毕业，妇产科主治医师 传染科 县医院建院之初，虽然未设立专门的传染科，但医院所面,high
person_1464290d9eef36,刘志高,主任,1982,swhgz_f4a9a18a5f20,188,炎的抢救方面积累了十分丰富 的临床经验。是年收治病人521 人。床位使用率在全市县级医院名列前茅。 历任传染科主任：刘志高、王宇 现任科主任崔国勇，医学本科毕业，传染科主治医师 皮肤科 皮肤科于1982 年成立，专设皮肤科门诊，在大外科,high
person_7eec75a05b7157,王宇,主任,1982,swhgz_f4a9a18a5f20,188,炎的抢救方面积累了十分丰富 的临床经验。是年收治病人521 人。床位使用率在全市县级医院名列前茅。 历任传染科主任：刘志高、王宇 现任科主任崔国勇，医学本科毕业，传染科主治医师 皮肤科 皮肤科于1982 年成立，专设皮肤科门诊，在大外科,high
person_1281c246128010,魏正乾,主任,1986,swhgz_f4a9a18a5f20,190,任务。 近年来，连硬外麻醉病人术后镇痛泵的临床使用，有效地减轻了病人的痛 苦，受到广大患者的欢迎。 首任麻醉科主任：魏正乾 现任麻醉科主任储六生，医学本科毕业，主治医师 老干部病房 根据县委、县政府的要求，医院于1986 年成立老,high
person_7a0b02c98ea9d5,董其霭,副主任,1961,swhgz_f4a9a18a5f20,193,8861 人次、生化检查99014 人次、细菌学检查4515 人次、免疫检查37193 人次。 历任检验科正、副主任：董其霭、魏凤华、倪代惠、储江流 现任科主任：程金汉，检验专业中专毕业，检验技师 五、医学影像 放射科 放射科成立于1961 年，当时配置,high
person_36e139e45d241f,魏凤华,副主任,1961,swhgz_f4a9a18a5f20,193,8861 人次、生化检查99014 人次、细菌学检查4515 人次、免疫检查37193 人次。 历任检验科正、副主任：董其霭、魏凤华、倪代惠、储江流 现任科主任：程金汉，检验专业中专毕业，检验技师 五、医学影像 放射科 放射科成立于1961 年，当时配置,high
person_e02f94c7032b01,倪代惠,副主任,1961,swhgz_f4a9a18a5f20,193,8861 人次、生化检查99014 人次、细菌学检查4515 人次、免疫检查37193 人次。 历任检验科正、副主任：董其霭、魏凤华、倪代惠、储江流 现任科主任：程金汉，检验专业中专毕业，检验技师 五、医学影像 放射科 放射科成立于1961 年，当时配置,high
person_906a9bf092a932,储江流,副主任,1961,swhgz_f4a9a18a5f20,193,8861 人次、生化检查99014 人次、细菌学检查4515 人次、免疫检查37193 人次。 历任检验科正、副主任：董其霭、魏凤华、倪代惠、储江流 现任科主任：程金汉，检验专业中专毕业，检验技师 五、医学影像 放射科 放射科成立于1961 年，当时配置,high
person_b2648957d3f31f,程金汉,主任,1961,swhgz_f4a9a18a5f20,193,检查4515 人次、免疫检查37193 人次。 历任检验科正、副主任：董其霭、魏凤华、倪代惠、储江流 现任科主任：程金汉，检验专业中专毕业，检验技师 五、医学影像 放射科 放射科成立于1961 年，当时配置有30mAX 光机一台，由王明绪 岳西卫生社区,high
person_2e0e835f5a8c99,检验技师,主任,1961,swhgz_f4a9a18a5f20,193,检查4515 人次、免疫检查37193 人次。 历任检验科正、副主任：董其霭、魏凤华、倪代惠、储江流 现任科主任：程金汉，检验专业中专毕业，检验技师 五、医学影像 放射科 放射科成立于1961 年，当时配置有30mAX 光机一台，由王明绪 岳西卫生社区,high
person_34478e77dda81d,王明绪,主任,2002,swhgz_f4a9a18a5f20,194,道系造影等。 2002 年放射科透视4833 人次、摄片13081 人次、造影检查1543 人次。 首任放射科主任：王明绪。 现任放射科主任吴夕才，放射科主治医师。 CT 室 2001 年医院投资200 多万元购置全新东大阿尔派—2,high
person_2a895237222078,许淑宗,主任,,swhgz_f4a9a18a5f20,196,值班制，日配发300 张处方左右。门诊药房现有工作人员5 人。其中 药剂师4 人，药剂士1 人。 历任门诊药房主任：许淑宗、蒋凌云、王仿成、陈家珍 现任主任徐鹏，药剂专科毕业，执业药师 住院药房 负责住院病人的配发药工作，实行24 小时值班制，日配发25,high
person_92e68dec22b545,蒋凌云,主任,,swhgz_f4a9a18a5f20,196,值班制，日配发300 张处方左右。门诊药房现有工作人员5 人。其中 药剂师4 人，药剂士1 人。 历任门诊药房主任：许淑宗、蒋凌云、王仿成、陈家珍 现任主任徐鹏，药剂专科毕业，执业药师 住院药房 负责住院病人的配发药工作，实行24 小时值班制，日配发25,high
person_63b3c3ef36e1e2,王仿成,主任,,swhgz_f4a9a18a5f20,196,值班制，日配发300 张处方左右。门诊药房现有工作人员5 人。其中 药剂师4 人，药剂士1 人。 历任门诊药房主任：许淑宗、蒋凌云、王仿成、陈家珍 现任主任徐鹏，药剂专科毕业，执业药师 住院药房 负责住院病人的配发药工作，实行24 小时值班制，日配发25,high
person_eaf95c59ef8de4,陈家珍,主任,,swhgz_f4a9a18a5f20,196,值班制，日配发300 张处方左右。门诊药房现有工作人员5 人。其中 药剂师4 人，药剂士1 人。 历任门诊药房主任：许淑宗、蒋凌云、王仿成、陈家珍 现任主任徐鹏，药剂专科毕业，执业药师 住院药房 负责住院病人的配发药工作，实行24 小时值班制，日配发25,high
person_23535c0dcaa285,崔勇军,主任,1955,swhgz_f4a9a18a5f20,199,职医师2 人。 具有副高职称者1 人、中级职称1 人、初级职称者2 人。 原科室负责人：吴传俊、王宇 现任科主任：崔勇军，医学专科毕业，医师 理疗室 1955 年医院开设了针灸室。随着医院的发展，购置了电针仪、 红外照射仪、超声治疗仪、TDP 照射灯,high
person_8f44ea13cc6baf,医师,主任,1955,swhgz_f4a9a18a5f20,199,职医师2 人。 具有副高职称者1 人、中级职称1 人、初级职称者2 人。 原科室负责人：吴传俊、王宇 现任科主任：崔勇军，医学专科毕业，医师 理疗室 1955 年医院开设了针灸室。随着医院的发展，购置了电针仪、 红外照射仪、超声治疗仪、TDP 照射灯,high
person_189d7ad7d5315e,张国英,主任,民国,swhgz_f4a9a18a5f20,236,，中医科有中医5 人，中药剂5 人。其中具有高级职称者1 人， 中级职称者5 人，初级职称4 人。 历任中医科主任：张国英、蔡永昌、储厥芳 现任中医科主任：储晓玲 第三节 基层中医药 一、中医治疗 民国时期，本县人民治病全赖中医中药，,high
person_13fe36746ecebc,蔡永昌,主任,民国,swhgz_f4a9a18a5f20,236,，中医科有中医5 人，中药剂5 人。其中具有高级职称者1 人， 中级职称者5 人，初级职称4 人。 历任中医科主任：张国英、蔡永昌、储厥芳 现任中医科主任：储晓玲 第三节 基层中医药 一、中医治疗 民国时期，本县人民治病全赖中医中药，,high
person_3c839e6ccf139b,储厥芳,主任,民国,swhgz_f4a9a18a5f20,236,，中医科有中医5 人，中药剂5 人。其中具有高级职称者1 人， 中级职称者5 人，初级职称4 人。 历任中医科主任：张国英、蔡永昌、储厥芳 现任中医科主任：储晓玲 第三节 基层中医药 一、中医治疗 民国时期，本县人民治病全赖中医中药，,high
person_70c817d917dd84,储晓玲,主任,民国,swhgz_f4a9a18a5f20,236,有高级职称者1 人， 中级职称者5 人，初级职称4 人。 历任中医科主任：张国英、蔡永昌、储厥芳 现任中医科主任：储晓玲 第三节 基层中医药 一、中医治疗 民国时期，本县人民治病全赖中医中药，乡村中医不下200 人。其,high
person_c6dcb973d5cd1a,储厥芳,顾问,,swhgz_f4a9a18a5f20,254,名，因时逢机构改革人员精减，减少编制2 人）。 二、专业组织 1、《岳西县名老中医经验集》编辑委员会： 顾 问：储厥芳 陈多学 柏兴慧 主 编：储昭朗 副主编：吴保印 储著忠 崔世绪 岳西卫生社区,high
person_73d91bfc4b64c0,陈多学,顾问,,swhgz_f4a9a18a5f20,254,名，因时逢机构改革人员精减，减少编制2 人）。 二、专业组织 1、《岳西县名老中医经验集》编辑委员会： 顾 问：储厥芳 陈多学 柏兴慧 主 编：储昭朗 副主编：吴保印 储著忠 崔世绪 岳西卫生社区,high
person_86765c30b9294b,柏兴慧,顾问,,swhgz_f4a9a18a5f20,254,名，因时逢机构改革人员精减，减少编制2 人）。 二、专业组织 1、《岳西县名老中医经验集》编辑委员会： 顾 问：储厥芳 陈多学 柏兴慧 主 编：储昭朗 副主编：吴保印 储著忠 崔世绪 岳西卫生社区,high
person_966941a312719e,储昭朗,主编,,swhgz_f4a9a18a5f20,254,编制2 人）。 二、专业组织 1、《岳西县名老中医经验集》编辑委员会： 顾 问：储厥芳 陈多学 柏兴慧 主 编：储昭朗 副主编：吴保印 储著忠 崔世绪 岳西卫生社区,high
person_348f697650c052,吴保印,副主编,,swhgz_f4a9a18a5f20,254,、专业组织 1、《岳西县名老中医经验集》编辑委员会： 顾 问：储厥芳 陈多学 柏兴慧 主 编：储昭朗 副主编：吴保印 储著忠 崔世绪 岳西卫生社区,high
person_0e09cee31780d7,储著忠,副主编,,swhgz_f4a9a18a5f20,254,、专业组织 1、《岳西县名老中医经验集》编辑委员会： 顾 问：储厥芳 陈多学 柏兴慧 主 编：储昭朗 副主编：吴保印 储著忠 崔世绪 岳西卫生社区,high
person_dd4ace8ec7dc8d,崔世绪,副主编,,swhgz_f4a9a18a5f20,254,、专业组织 1、《岳西县名老中医经验集》编辑委员会： 顾 问：储厥芳 陈多学 柏兴慧 主 编：储昭朗 副主编：吴保印 储著忠 崔世绪 岳西卫生社区,high
person_51435cbfc4fca9,储著忠,主任,,swhgz_f4a9a18a5f20,255,346 编辑室主任：储著忠 编辑室副主任：张德喜 汪一江（常务） 编委：（按姓氏笔划排列） 吴保印 汪一江 宋祥林 张德喜 陶康生,high
person_0334fbbcd56954,张德喜,副主任,,swhgz_f4a9a18a5f20,255,346 编辑室主任：储著忠 编辑室副主任：张德喜 汪一江（常务） 编委：（按姓氏笔划排列） 吴保印 汪一江 宋祥林 张德喜 陶康生 崔世绪 储昭朗 储著忠 储晓,high
person_1fa5623c9bb008,汪一江,副主任,,swhgz_f4a9a18a5f20,255,346 编辑室主任：储著忠 编辑室副主任：张德喜 汪一江（常务） 编委：（按姓氏笔划排列） 吴保印 汪一江 宋祥林 张德喜 陶康生 崔世绪 储昭朗 储著忠 储晓,high
person_5df2e7838c5c1f,储厥芳,顾问,1999,swhgz_f4a9a18a5f20,255,生 崔世绪 储昭朗 储著忠 储晓玲 2、《皖岳中医杂志》编辑委员会（第一届1999 年—2001 年） 顾 问：储厥芳 陈多学 柏兴慧 主 编：储昭朗 副主编：吴保印 储著忠 编辑室主任：储著忠 编辑室副主任：汪一江 孙嘉霓 编委：（按,high
person_774914e5f9699f,陈多学,顾问,1999,swhgz_f4a9a18a5f20,255,生 崔世绪 储昭朗 储著忠 储晓玲 2、《皖岳中医杂志》编辑委员会（第一届1999 年—2001 年） 顾 问：储厥芳 陈多学 柏兴慧 主 编：储昭朗 副主编：吴保印 储著忠 编辑室主任：储著忠 编辑室副主任：汪一江 孙嘉霓 编委：（按,high
person_410a80305df6dc,柏兴慧,顾问,1999,swhgz_f4a9a18a5f20,255,生 崔世绪 储昭朗 储著忠 储晓玲 2、《皖岳中医杂志》编辑委员会（第一届1999 年—2001 年） 顾 问：储厥芳 陈多学 柏兴慧 主 编：储昭朗 副主编：吴保印 储著忠 编辑室主任：储著忠 编辑室副主任：汪一江 孙嘉霓 编委：（按,high
person_13355b1b35ad1d,储昭朗,主编,1999,swhgz_f4a9a18a5f20,255,玲 2、《皖岳中医杂志》编辑委员会（第一届1999 年—2001 年） 顾 问：储厥芳 陈多学 柏兴慧 主 编：储昭朗 副主编：吴保印 储著忠 编辑室主任：储著忠 编辑室副主任：汪一江 孙嘉霓 编委：（按姓氏笔划排列）,high
person_d99ff25bb61d1a,吴保印,副主编,1999,swhgz_f4a9a18a5f20,255,医杂志》编辑委员会（第一届1999 年—2001 年） 顾 问：储厥芳 陈多学 柏兴慧 主 编：储昭朗 副主编：吴保印 储著忠 编辑室主任：储著忠 编辑室副主任：汪一江 孙嘉霓 编委：（按姓氏笔划排列） 孙嘉霓 吴保印 汪一江 宋,high
person_e801026c0a57f4,储著忠,副主编,1999,swhgz_f4a9a18a5f20,255,医杂志》编辑委员会（第一届1999 年—2001 年） 顾 问：储厥芳 陈多学 柏兴慧 主 编：储昭朗 副主编：吴保印 储著忠 编辑室主任：储著忠 编辑室副主任：汪一江 孙嘉霓 编委：（按姓氏笔划排列） 孙嘉霓 吴保印 汪一江 宋,high
person_a52599c781e242,汪一江,副主任,,swhgz_f4a9a18a5f20,255,顾 问：储厥芳 陈多学 柏兴慧 主 编：储昭朗 副主编：吴保印 储著忠 编辑室主任：储著忠 编辑室副主任：汪一江 孙嘉霓 编委：（按姓氏笔划排列） 孙嘉霓 吴保印 汪一江 宋祥林 张德喜 陶康生 崔世绪 储昭朗 储著忠 储晓玲,high
person_81c0481283907c,孙嘉霓,副主任,,swhgz_f4a9a18a5f20,255,顾 问：储厥芳 陈多学 柏兴慧 主 编：储昭朗 副主编：吴保印 储著忠 编辑室主任：储著忠 编辑室副主任：汪一江 孙嘉霓 编委：（按姓氏笔划排列） 孙嘉霓 吴保印 汪一江 宋祥林 张德喜 陶康生 崔世绪 储昭朗 储著忠 储晓玲,high
person_3cec4909c12d89,吴同,委员,1994,swhgz_f4a9a18a5f20,309,295 岳西县卫生局工会工作委员会，程玉松任主任，副主任宋祥林，委员：吴同、 严书生、吴南日方。 1994 年召开了县卫生工会工作委员会扩大会议，组织学习了《工会法》 和《工会章程》。是,high
person_0d4fe5c2197c24,吴兴发,顾问,1979,swhgz_f4a9a18a5f20,313,、 曹仲君、杨凤仙、陈先美 19 1979-1-22 安徽省中药 学会岳西分 会理事会 蔡耀庚 顾问：吴兴发、 王达时、储厥芳、 汪炳煌、陈最驯 杨建国 钱七根 11 1986-8-18 岳西县中医 学会理事会,high
person_145c155c6deba3,赵郁森,主任,,swhgz_f4a9a18a5f20,405,副 组 长：宋祥林 王 宇 吴保印 成 员：赵郁森 朱国志 郑光湖 鲁年生 曹厚苗 储海燕 办公室主任：赵郁森 卫 编 员 单 《岳西 生志》 纂人 名 总 编：汪一江 副 总 编：储著忠 总编助理：,high
person_e7c8e10e712ec6,刘廷槐,纂修,清,swhgz_842a00b22f4b,1,安徽历代方志丛书 来安县志 （清）刘廷槐纂修 余培森修订 来安县地方志办公室 黄山书社,high
person_79e5bd6a2ad4fd,田唯谦,顾问,,swhgz_842a00b22f4b,4,4 安徽省旧志整理出版委员会成员 顾 问：田唯谦 谢广祥 崔厚贤 主 任：朱文根 副主任：王宜斌 莫 欣 诸伟奇 易向军 委 员：钱金喜 左克诚 张曦仲 葛 政 张国清,high
person_06aa241bc23de1,谢广祥,顾问,,swhgz_842a00b22f4b,4,4 安徽省旧志整理出版委员会成员 顾 问：田唯谦 谢广祥 崔厚贤 主 任：朱文根 副主任：王宜斌 莫 欣 诸伟奇 易向军 委 员：钱金喜 左克诚 张曦仲 葛 政 张国清,high
person_b62da0be6bc9f2,崔厚贤,顾问,,swhgz_842a00b22f4b,4,4 安徽省旧志整理出版委员会成员 顾 问：田唯谦 谢广祥 崔厚贤 主 任：朱文根 副主任：王宜斌 莫 欣 诸伟奇 易向军 委 员：钱金喜 左克诚 张曦仲 葛 政 张国清,high
person_979fa9cb079786,朱文根,主任,,swhgz_842a00b22f4b,4,4 安徽省旧志整理出版委员会成员 顾 问：田唯谦 谢广祥 崔厚贤 主 任：朱文根 副主任：王宜斌 莫 欣 诸伟奇 易向军 委 员：钱金喜 左克诚 张曦仲 葛 政 张国清 殷玉林 卢 刚,high
person_79ddf3d806ef74,王宜斌,副主任,,swhgz_842a00b22f4b,4,4 安徽省旧志整理出版委员会成员 顾 问：田唯谦 谢广祥 崔厚贤 主 任：朱文根 副主任：王宜斌 莫 欣 诸伟奇 易向军 委 员：钱金喜 左克诚 张曦仲 葛 政 张国清 殷玉林 卢 刚 和宝友 李长凤 张祥林 张启华 李祖鑫 张,high
person_7eb83b79171681,莫欣,副主任,,swhgz_842a00b22f4b,4,4 安徽省旧志整理出版委员会成员 顾 问：田唯谦 谢广祥 崔厚贤 主 任：朱文根 副主任：王宜斌 莫 欣 诸伟奇 易向军 委 员：钱金喜 左克诚 张曦仲 葛 政 张国清 殷玉林 卢 刚 和宝友 李长凤 张祥林 张启华 李祖鑫 张,high
person_06651d3ac3df91,诸伟奇,副主任,,swhgz_842a00b22f4b,4,4 安徽省旧志整理出版委员会成员 顾 问：田唯谦 谢广祥 崔厚贤 主 任：朱文根 副主任：王宜斌 莫 欣 诸伟奇 易向军 委 员：钱金喜 左克诚 张曦仲 葛 政 张国清 殷玉林 卢 刚 和宝友 李长凤 张祥林 张启华 李祖鑫 张,high
person_37204f5becc0c3,易向军,副主任,,swhgz_842a00b22f4b,4,4 安徽省旧志整理出版委员会成员 顾 问：田唯谦 谢广祥 崔厚贤 主 任：朱文根 副主任：王宜斌 莫 欣 诸伟奇 易向军 委 员：钱金喜 左克诚 张曦仲 葛 政 张国清 殷玉林 卢 刚 和宝友 李长凤 张祥林 张启华 李祖鑫 张,high
person_a4eae84110865d,钱金喜,委员,,swhgz_842a00b22f4b,4,员会成员 顾 问：田唯谦 谢广祥 崔厚贤 主 任：朱文根 副主任：王宜斌 莫 欣 诸伟奇 易向军 委 员：钱金喜 左克诚 张曦仲 葛 政 张国清 殷玉林 卢 刚 和宝友 李长凤 张祥林 张启华 李祖鑫 张克锁 杨维发 李剑军 汪富贵 王志平 邓建设 李新,high
person_29720f15c8b1ab,左克诚,委员,,swhgz_842a00b22f4b,4,员会成员 顾 问：田唯谦 谢广祥 崔厚贤 主 任：朱文根 副主任：王宜斌 莫 欣 诸伟奇 易向军 委 员：钱金喜 左克诚 张曦仲 葛 政 张国清 殷玉林 卢 刚 和宝友 李长凤 张祥林 张启华 李祖鑫 张克锁 杨维发 李剑军 汪富贵 王志平 邓建设 李新,high
person_92cba114cac59c,张曦仲,委员,,swhgz_842a00b22f4b,4,员会成员 顾 问：田唯谦 谢广祥 崔厚贤 主 任：朱文根 副主任：王宜斌 莫 欣 诸伟奇 易向军 委 员：钱金喜 左克诚 张曦仲 葛 政 张国清 殷玉林 卢 刚 和宝友 李长凤 张祥林 张启华 李祖鑫 张克锁 杨维发 李剑军 汪富贵 王志平 邓建设 李新,high
person_7f1dec7cba3058,葛政,委员,,swhgz_842a00b22f4b,4,员会成员 顾 问：田唯谦 谢广祥 崔厚贤 主 任：朱文根 副主任：王宜斌 莫 欣 诸伟奇 易向军 委 员：钱金喜 左克诚 张曦仲 葛 政 张国清 殷玉林 卢 刚 和宝友 李长凤 张祥林 张启华 李祖鑫 张克锁 杨维发 李剑军 汪富贵 王志平 邓建设 李新,high
person_0a437f465bed7a,张国清,委员,,swhgz_842a00b22f4b,4,员会成员 顾 问：田唯谦 谢广祥 崔厚贤 主 任：朱文根 副主任：王宜斌 莫 欣 诸伟奇 易向军 委 员：钱金喜 左克诚 张曦仲 葛 政 张国清 殷玉林 卢 刚 和宝友 李长凤 张祥林 张启华 李祖鑫 张克锁 杨维发 李剑军 汪富贵 王志平 邓建设 李新,high
person_03aa3ad5de29ae,王宜斌,主任,,swhgz_842a00b22f4b,4,克锁 杨维发 李剑军 汪富贵 王志平 邓建设 李新民 李益保 《安徽历代方志丛书》编审室成员 主 任：王宜斌 副主任：钱金喜,high
person_52512ebf20b340,钱金喜,副主任,,swhgz_842a00b22f4b,4,军 汪富贵 王志平 邓建设 李新民 李益保 《安徽历代方志丛书》编审室成员 主 任：王宜斌 副主任：钱金喜,high
person_b8f16284105885,张有志,主任,,swhgz_842a00b22f4b,5,5 来安县旧志整理委员会成员 主 任：张有志 副主任：高怀忠 周忠友 魏晓雁 高学发 胡炳成 顾 问：胡先德 成 员：陈宏英 张 维 周伦昌 陈宝国,high
person_24d060c580220a,高怀忠,副主任,,swhgz_842a00b22f4b,5,5 来安县旧志整理委员会成员 主 任：张有志 副主任：高怀忠 周忠友 魏晓雁 高学发 胡炳成 顾 问：胡先德 成 员：陈宏英 张 维 周伦昌 陈宝国 王德聪 来安县旧志点校人员 景 刚,high
person_bad132af141ea6,周忠友,副主任,,swhgz_842a00b22f4b,5,5 来安县旧志整理委员会成员 主 任：张有志 副主任：高怀忠 周忠友 魏晓雁 高学发 胡炳成 顾 问：胡先德 成 员：陈宏英 张 维 周伦昌 陈宝国 王德聪 来安县旧志点校人员 景 刚,high
person_d032c2789a9b78,魏晓雁,副主任,,swhgz_842a00b22f4b,5,5 来安县旧志整理委员会成员 主 任：张有志 副主任：高怀忠 周忠友 魏晓雁 高学发 胡炳成 顾 问：胡先德 成 员：陈宏英 张 维 周伦昌 陈宝国 王德聪 来安县旧志点校人员 景 刚,high
person_3ebb68ef12f2be,高学发,副主任,,swhgz_842a00b22f4b,5,5 来安县旧志整理委员会成员 主 任：张有志 副主任：高怀忠 周忠友 魏晓雁 高学发 胡炳成 顾 问：胡先德 成 员：陈宏英 张 维 周伦昌 陈宝国 王德聪 来安县旧志点校人员 景 刚,high
person_3772dee2afe632,胡炳成,副主任,,swhgz_842a00b22f4b,5,5 来安县旧志整理委员会成员 主 任：张有志 副主任：高怀忠 周忠友 魏晓雁 高学发 胡炳成 顾 问：胡先德 成 员：陈宏英 张 维 周伦昌 陈宝国 王德聪 来安县旧志点校人员 景 刚,high
person_13984655301e89,胡先德,顾问,,swhgz_842a00b22f4b,5,5 来安县旧志整理委员会成员 主 任：张有志 副主任：高怀忠 周忠友 魏晓雁 高学发 胡炳成 顾 问：胡先德 成 员：陈宏英 张 维 周伦昌 陈宝国 王德聪 来安县旧志点校人员 景 刚 曹小云 胡先德,high
person_6f30f8aa2d1d45,胡炳成,责任编辑,,swhgz_842a00b22f4b,5,德聪 来安县旧志点校人员 景 刚 曹小云 胡先德 胡炳成 来安县旧志编审人员 责任编辑：胡炳成 审 稿：余国庆,high
person_1876793158ea74,余国庆,审稿,,swhgz_842a00b22f4b,5,县旧志点校人员 景 刚 曹小云 胡先德 胡炳成 来安县旧志编审人员 责任编辑：胡炳成 审 稿：余国庆,high
person_d21c18ccb9bf52,任命官员,委员,,swhgz_842a00b22f4b,439,指城墙。 ②宸聪：帝王的听察。宸：北极星所在，借用为帝王所居，又引申为王位、帝王。 俞允：帝王允许臣下的请求。委员：任命官员。相视：接连、连续。 ③共矢：朝一个目标。矢：箭。和衷：同心。 ④奇：多出。视旧制有加：比旧有的规模扩大了。,high
person_0c51274bab3dd0,张海鹏,顾问,,swhgz_321865661e46,1,枞阳志——一。凡例及概述 枞阳志 《枞阳县志》现任编纂机构、人员及审定单位 枞阳县地方志编纂委员会 顾 问：张海鹏 龙仲文 梅森 主 修：杨维东 主 任：徐江华 副主任：周学雄 何宗华 吴学熙 疏 获 委 员：殷金福 许正发 杨平 陈新苗 许范,high
person_1b1ca67827917c,龙仲文,顾问,,swhgz_321865661e46,1,枞阳志——一。凡例及概述 枞阳志 《枞阳县志》现任编纂机构、人员及审定单位 枞阳县地方志编纂委员会 顾 问：张海鹏 龙仲文 梅森 主 修：杨维东 主 任：徐江华 副主任：周学雄 何宗华 吴学熙 疏 获 委 员：殷金福 许正发 杨平 陈新苗 许范,high
person_21a494bde4b6f0,梅森,顾问,,swhgz_321865661e46,1,枞阳志——一。凡例及概述 枞阳志 《枞阳县志》现任编纂机构、人员及审定单位 枞阳县地方志编纂委员会 顾 问：张海鹏 龙仲文 梅森 主 修：杨维东 主 任：徐江华 副主任：周学雄 何宗华 吴学熙 疏 获 委 员：殷金福 许正发 杨平 陈新苗 许范,high
person_27e7f4dbcf5d73,主修,顾问,,swhgz_321865661e46,1,枞阳志——一。凡例及概述 枞阳志 《枞阳县志》现任编纂机构、人员及审定单位 枞阳县地方志编纂委员会 顾 问：张海鹏 龙仲文 梅森 主 修：杨维东 主 任：徐江华 副主任：周学雄 何宗华 吴学熙 疏 获 委 员：殷金福 许正发 杨平 陈新苗 许范,high
person_99f64cb0eb7b41,徐江华,主任,,swhgz_321865661e46,1,县志》现任编纂机构、人员及审定单位 枞阳县地方志编纂委员会 顾 问：张海鹏 龙仲文 梅森 主 修：杨维东 主 任：徐江华 副主任：周学雄 何宗华 吴学熙 疏 获 委 员：殷金福 许正发 杨平 陈新苗 许范春 江道祥 周正平 王传杰 张复林,high
person_a46c0c77e733cc,殷金福,委员,,swhgz_321865661e46,1,会 顾 问：张海鹏 龙仲文 梅森 主 修：杨维东 主 任：徐江华 副主任：周学雄 何宗华 吴学熙 疏 获 委 员：殷金福 许正发 杨平 陈新苗 许范春 江道祥 周正平 王传杰 张复林 王鹤松 王建国 刘诚 夏晓华 孔祥彪 方新元 枞阳县地方志编纂委员会办公室 主 任：胡志 阮虹 杨晓蕾 《枞阳县志》审定单位 中共枞阳县委员会 枞阳县人民政府 安庆市地方志编纂委员会 安徽省,high
person_2568cf6797a32b,许正发,委员,,swhgz_321865661e46,1,会 顾 问：张海鹏 龙仲文 梅森 主 修：杨维东 主 任：徐江华 副主任：周学雄 何宗华 吴学熙 疏 获 委 员：殷金福 许正发 杨平 陈新苗 许范春 江道祥 周正平 王传杰 张复林 王鹤松 王建国 刘诚 夏晓华 孔祥彪 方新元 枞阳县地方志编纂委员会办公室 主 任：胡志 阮虹 杨晓蕾 《枞阳县志》审定单位 中共枞阳县委员会 枞阳县人民政府 安庆市地方志编纂委员会 安徽省,high
person_721672497d9bf2,杨平,委员,,swhgz_321865661e46,1,会 顾 问：张海鹏 龙仲文 梅森 主 修：杨维东 主 任：徐江华 副主任：周学雄 何宗华 吴学熙 疏 获 委 员：殷金福 许正发 杨平 陈新苗 许范春 江道祥 周正平 王传杰 张复林 王鹤松 王建国 刘诚 夏晓华 孔祥彪 方新元 枞阳县地方志编纂委员会办公室 主 任：胡志 阮虹 杨晓蕾 《枞阳县志》审定单位 中共枞阳县委员会 枞阳县人民政府 安庆市地方志编纂委员会 安徽省,high
person_f2faa059ccc16d,陈新苗,委员,,swhgz_321865661e46,1,会 顾 问：张海鹏 龙仲文 梅森 主 修：杨维东 主 任：徐江华 副主任：周学雄 何宗华 吴学熙 疏 获 委 员：殷金福 许正发 杨平 陈新苗 许范春 江道祥 周正平 王传杰 张复林 王鹤松 王建国 刘诚 夏晓华 孔祥彪 方新元 枞阳县地方志编纂委员会办公室 主 任：胡志 阮虹 杨晓蕾 《枞阳县志》审定单位 中共枞阳县委员会 枞阳县人民政府 安庆市地方志编纂委员会 安徽省,high
person_03dbf0a7ac430b,许范春,委员,,swhgz_321865661e46,1,会 顾 问：张海鹏 龙仲文 梅森 主 修：杨维东 主 任：徐江华 副主任：周学雄 何宗华 吴学熙 疏 获 委 员：殷金福 许正发 杨平 陈新苗 许范春 江道祥 周正平 王传杰 张复林 王鹤松 王建国 刘诚 夏晓华 孔祥彪 方新元 枞阳县地方志编纂委员会办公室 主 任：胡志 阮虹 杨晓蕾 《枞阳县志》审定单位 中共枞阳县委员会 枞阳县人民政府 安庆市地方志编纂委员会 安徽省,high
person_0781db6c6210b0,江道祥,委员,,swhgz_321865661e46,1,会 顾 问：张海鹏 龙仲文 梅森 主 修：杨维东 主 任：徐江华 副主任：周学雄 何宗华 吴学熙 疏 获 委 员：殷金福 许正发 杨平 陈新苗 许范春 江道祥 周正平 王传杰 张复林 王鹤松 王建国 刘诚 夏晓华 孔祥彪 方新元 枞阳县地方志编纂委员会办公室 主 任：胡志 阮虹 杨晓蕾 《枞阳县志》审定单位 中共枞阳县委员会 枞阳县人民政府 安庆市地方志编纂委员会 安徽省,high
person_705e4ba8459912,周正平,委员,,swhgz_321865661e46,1,会 顾 问：张海鹏 龙仲文 梅森 主 修：杨维东 主 任：徐江华 副主任：周学雄 何宗华 吴学熙 疏 获 委 员：殷金福 许正发 杨平 陈新苗 许范春 江道祥 周正平 王传杰 张复林 王鹤松 王建国 刘诚 夏晓华 孔祥彪 方新元 枞阳县地方志编纂委员会办公室 主 任：胡志 阮虹 杨晓蕾 《枞阳县志》审定单位 中共枞阳县委员会 枞阳县人民政府 安庆市地方志编纂委员会 安徽省,high
person_c272ccc1b9a26d,王传杰,委员,,swhgz_321865661e46,1,会 顾 问：张海鹏 龙仲文 梅森 主 修：杨维东 主 任：徐江华 副主任：周学雄 何宗华 吴学熙 疏 获 委 员：殷金福 许正发 杨平 陈新苗 许范春 江道祥 周正平 王传杰 张复林 王鹤松 王建国 刘诚 夏晓华 孔祥彪 方新元 枞阳县地方志编纂委员会办公室 主 任：胡志 阮虹 杨晓蕾 《枞阳县志》审定单位 中共枞阳县委员会 枞阳县人民政府 安庆市地方志编纂委员会 安徽省,high
person_19c5e1824954ce,张复林,委员,,swhgz_321865661e46,1,会 顾 问：张海鹏 龙仲文 梅森 主 修：杨维东 主 任：徐江华 副主任：周学雄 何宗华 吴学熙 疏 获 委 员：殷金福 许正发 杨平 陈新苗 许范春 江道祥 周正平 王传杰 张复林 王鹤松 王建国 刘诚 夏晓华 孔祥彪 方新元 枞阳县地方志编纂委员会办公室 主 任：胡志 阮虹 杨晓蕾 《枞阳县志》审定单位 中共枞阳县委员会 枞阳县人民政府 安庆市地方志编纂委员会 安徽省,high
person_2aa4996bf6957d,王鹤松,委员,,swhgz_321865661e46,1,会 顾 问：张海鹏 龙仲文 梅森 主 修：杨维东 主 任：徐江华 副主任：周学雄 何宗华 吴学熙 疏 获 委 员：殷金福 许正发 杨平 陈新苗 许范春 江道祥 周正平 王传杰 张复林 王鹤松 王建国 刘诚 夏晓华 孔祥彪 方新元 枞阳县地方志编纂委员会办公室 主 任：胡志 阮虹 杨晓蕾 《枞阳县志》审定单位 中共枞阳县委员会 枞阳县人民政府 安庆市地方志编纂委员会 安徽省,high
person_0049b67a354359,王建国,委员,,swhgz_321865661e46,1,会 顾 问：张海鹏 龙仲文 梅森 主 修：杨维东 主 任：徐江华 副主任：周学雄 何宗华 吴学熙 疏 获 委 员：殷金福 许正发 杨平 陈新苗 许范春 江道祥 周正平 王传杰 张复林 王鹤松 王建国 刘诚 夏晓华 孔祥彪 方新元 枞阳县地方志编纂委员会办公室 主 任：胡志 阮虹 杨晓蕾 《枞阳县志》审定单位 中共枞阳县委员会 枞阳县人民政府 安庆市地方志编纂委员会 安徽省,high
person_43f05b5333fbab,刘诚,委员,,swhgz_321865661e46,1,会 顾 问：张海鹏 龙仲文 梅森 主 修：杨维东 主 任：徐江华 副主任：周学雄 何宗华 吴学熙 疏 获 委 员：殷金福 许正发 杨平 陈新苗 许范春 江道祥 周正平 王传杰 张复林 王鹤松 王建国 刘诚 夏晓华 孔祥彪 方新元 枞阳县地方志编纂委员会办公室 主 任：胡志 阮虹 杨晓蕾 《枞阳县志》审定单位 中共枞阳县委员会 枞阳县人民政府 安庆市地方志编纂委员会 安徽省,high
person_550c33e9290f9a,夏晓华,委员,,swhgz_321865661e46,1,会 顾 问：张海鹏 龙仲文 梅森 主 修：杨维东 主 任：徐江华 副主任：周学雄 何宗华 吴学熙 疏 获 委 员：殷金福 许正发 杨平 陈新苗 许范春 江道祥 周正平 王传杰 张复林 王鹤松 王建国 刘诚 夏晓华 孔祥彪 方新元 枞阳县地方志编纂委员会办公室 主 任：胡志 阮虹 杨晓蕾 《枞阳县志》审定单位 中共枞阳县委员会 枞阳县人民政府 安庆市地方志编纂委员会 安徽省,high
person_fe2b82b07fef1f,孔祥彪,委员,,swhgz_321865661e46,1,会 顾 问：张海鹏 龙仲文 梅森 主 修：杨维东 主 任：徐江华 副主任：周学雄 何宗华 吴学熙 疏 获 委 员：殷金福 许正发 杨平 陈新苗 许范春 江道祥 周正平 王传杰 张复林 王鹤松 王建国 刘诚 夏晓华 孔祥彪 方新元 枞阳县地方志编纂委员会办公室 主 任：胡志 阮虹 杨晓蕾 《枞阳县志》审定单位 中共枞阳县委员会 枞阳县人民政府 安庆市地方志编纂委员会 安徽省,high
person_d14b3a4ce75131,方新元,委员,,swhgz_321865661e46,1,会 顾 问：张海鹏 龙仲文 梅森 主 修：杨维东 主 任：徐江华 副主任：周学雄 何宗华 吴学熙 疏 获 委 员：殷金福 许正发 杨平 陈新苗 许范春 江道祥 周正平 王传杰 张复林 王鹤松 王建国 刘诚 夏晓华 孔祥彪 方新元 枞阳县地方志编纂委员会办公室 主 任：胡志 阮虹 杨晓蕾 《枞阳县志》审定单位 中共枞阳县委员会 枞阳县人民政府 安庆市地方志编纂委员会 安徽省,high
person_0a0963a1defd1d,张铉,纂修,元,swhgz_4ce3b5c5c31c,15,四库总目提要》说它“援据该洽，条理详明，凡所考辨，俱见典核”，都可称为的评。 （张乃格） 金陵新志 十五卷／（元）张铉纂修·—元至正4年（1344）刻本；明正德15年（1520）补刻本；民国37年（1948）南京市通志馆《南京文献》,high
person_caaaaf52f4239c,于成龙,纂修,清,swhgz_4ce3b5c5c31c,16,》为最多。亦不著艺文志，而仅于《摭佚》中列举部分金石，一蹈《金陵新志》复辙。 （时觉非） 江宁府志 四十卷／（清）于成龙纂修·—清康熙22年（1683）刻本，精抄本。——已残。今存卷3～29、34～40。刻本藏北京图书馆，《中国地方志,high
person_d4b1e966ce459d,缪荃孙,编,民国,swhgz_4ce3b5c5c31c,21,颇详。唯该湖得名于古女子莫愁，莫愁多传说，全国多处有之，附会之处就在所难免了。 （吴福林） 秦淮广记 三卷／（民国）缪荃孙编纂·—民国13年（1924）上海商务印书馆铅印本。——《中国地方志联合目录》未著录。秦淮在今南京城区南部，以秦,high
person_fded04017aad69,唐开陶等,纂修,清,swhgz_4ce3b5c5c31c,28,略矣，斯固无可述者”，也可见出编者秉笔直书的可贵史德和科学严谨的治学态度。 （张冠星） 上元县志 二十四卷／（清）唐开陶等纂修·—清康熙60年（1721）刻本；抄本。 开陶，字晋公，四川遂宁人，康熙25年来任上元知县。上元县志，一修于明,high
person_2a6b857bb661df,袁枚,纂修,清,swhgz_4ce3b5c5c31c,30,以“未能悉辨”，故“仅依前志”，这对于无把握而强为之说，庶可免于以讹传讹。 （张乃格） 江宁新志 二十六卷／（清）袁枚纂修·—清乾隆13年（1748）刻本；抄本。 枚（1716—1798），字子才，号简斋，晚号随园老人，清浙江钱塘县,high
person_0e4a2ae7f99396,郎廷泰,纂修,清,swhgz_4ce3b5c5c31c,33,赋日繁一日，土日瘠一日，民日敝一日”，揭露当时的社会弊病，也直率而深刻。 （张乃格） 重修江浦县新志 八卷／（清）郎廷泰纂修·—清康熙24年（1685）刻本，抄本。 廷泰，字埋圃，清仁和（今浙江杭州）人，康熙22年由贡监来任江浦知县。,high
person_cb2ba38a916bc7,项维正等,纂修,清,swhgz_4ce3b5c5c31c,33,耕织，不事末作，虽习俗稍漓而淳风未泯”，止30字，而且所记重点，在于“新”字。 （张乃格） 江浦县志 八卷／（清）项维正等纂修·—清雍正4年（1726）刻本，清乾隆年间修锓本。 维正，字端伯，号干亭，嘉兴县人，举人，康熙56年（1717,high
person_b87b60cf7f2ee6,顿锐,纂修,明,swhgz_4ce3b5c5c31c,41,相当。邓埠而下便是溧阳，是皆旱道水道亦良。 ”朗朗上口，便于记诵。 （倪 波 郑建明） 【佚志】 高淳县志 （明）顿锐纂修。明正德9年（1514）修。 锐，字叔养，明涿州右卫（今河北涿鹿县）人。正德进士。历户部主事，累官代府右长史。,high
person_5ae29e12e0948e,吴熙,编,清,swhgz_4ce3b5c5c31c,50,·—稿本；抄本。——稿本藏无锡图书馆，抄本藏北京图书馆。记元明邑事多，记事至清雍正间。 锡金乡土地理 八卷／（清）吴熙编·—抄本。——藏南京图书馆。 开化志 二卷／（清）王抱承撰·—清康熙间抄本。——藏无锡图书馆。已残，存上卷。,high
person_e56867b03cc099,颜瑄,纂修,明,swhgz_4ce3b5c5c31c,56,园池、井泉，陂堰、景物、宦绩、人物、仙释、杂志、诗文。首列陈贽《序》、目录。 （程云鹤） 江阴志 三十二卷／（明）颜瑄纂修。 瑄，字宝之，颜泽之孙，江阴人。明成化2年（1466）进士，官至户部主事，著有《一庵诗钞》。此志成于颜瑄未中,high
person_da3c67c7deade3,罗辅等,纂修,明,swhgz_4ce3b5c5c31c,57,江阴志 （明）罗辅等纂修。 辅，江西泰和人，学尹。于弘治7年（1494）游学来江阴，应知县黄傅之请纂修是篇。此书对旧志有所补遗正舛，削,high
person_a1f61e0b342aa4,宋骥,纂修,明,swhgz_4ce3b5c5c31c,60,梁浅，天寒梦泽深 羊公碑尚在，读罢泪沾襟 《江苏旧方志提要》 （二） 徐复、季文通 主编 彭城志 十九卷／（明）宋骥纂修·—明抄本。——徐州古称彭城，辖境相当于今之徐州市区及铜山县，丰县、沛县和安徽省萧县、砀山县。 骥，生卒不详，,high
person_57d1a9df6e1b9d,姚应龙,纂修,明,swhgz_4ce3b5c5c31c,61,政》离析，陈光贻《稀见地方志提要》谓其“虽符史法 用之不善，反足为全体之累”。 （赵明奇） 徐州志 六卷／（明）姚应龙纂修·—明万历5年（1577）刻本。 应龙，浙江慈溪人，万历2年始任萧县教谕。协修者严淮，砀山县教谕，云南大理人，,high
person_838d092eaab0b9,姜焯,纂修,清,swhgz_4ce3b5c5c31c,62,徐州志 三十六卷／（清）姜焯纂修·—清康熙61年（1722）刻本。 焯，山东昌邑人，康熙51年始任徐州知州，下车即览方志，以为“徐虽一郡，实关,high
person_f536f9ea4e5a7e,尹梓,纂修,明,swhgz_4ce3b5c5c31c,64,篇目设置条析细致，检索便利。舆图依1922年江苏陆军测量局地图影绘，也清楚实用。 （赵明奇） 丰县志 二卷／（明）尹梓纂修，（明）孔道源增补·—明隆庆3年（1569）刻本，明万历末年增刻本，丰县志办公室、丰县档案局1985年铅印注释,high
person_7e0f42729642aa,卢世昌,纂修,清,swhgz_4ce3b5c5c31c,65,僭拟正史，颇有识见，但又因“鉴于诸志之例”，“不得不约略书之”诚为可惜。 （赵明奇） 丰县志 十六卷首一卷／（清）卢世昌纂修·—清乾隆24年（1759）刻本；清道光3年（1823）德丰增修本。 世昌，字絅斋，贵州普安人，乾隆19年进士,high
person_a5a2bc59af8a48,姚鸿杰等,纂修,清,swhgz_4ce3b5c5c31c,65,天恩”，所载皆朝廷诏书一类，并非本县之事，于志书的地方特色大有妨碍。 （赵明奇） 续修丰县志 十六卷首一卷／（清）姚鸿杰等纂修·—清光绪20年（1894）刻本。 鸿杰，山东巨野人，先后两次就任丰县知县。光绪11年首次到任即与学官何澧塘召,high
person_446a1acc5e8b0f,侯绍瀛,纂修,清,swhgz_4ce3b5c5c31c,67,沛县志 十六卷／（清）侯绍瀛纂修·—清光绪16年（1890）年刻本。——残2卷：卷1～2，抄配：卷4、6、8～9。 绍瀛，字东洲，清广西临桂（,high
person_9a923a6e6b2a91,史能之,纂修,宋,swhgz_4ce3b5c5c31c,71,2辑《前言》曰：“解放前夕，还有朱德备先生组织编修的县志稿，迄今未询见着落。” （赵明奇） 毗陵志 三十卷／（宋）史能之纂修·—宋咸淳4年（1268）刻本；元延祐丁巳年（1317年）李敏之重刻本，明初刻本，清嘉庆25年（1820）赵怀,high
person_da5510ba9fdc41,张恺,纂修,明,swhgz_4ce3b5c5c31c,72,》中曾称此志体例“颇为允当”。不足之处是人物类首列“帝系”，未免过于牵强。 （杨 欣） 常州府志续集 八卷／（明）张恺纂修·—明正德8年（1513）刻本，1983年台北成文出版社《中国方志丛书》据正德刻本影印本，民国江安傅氏藏园抄正,high
person_d3593012fd7890,邹补之,纂修,宋,swhgz_4ce3b5c5c31c,74,地纪胜》约成书于南宋理宗宝庆3年（1227），故该志成书时间应于宝庆3年以前。 （杨 欣） 毗陵志 十二卷／（宋）邹补之纂修。 补之，字公兖，宋开化（浙江开化县）人，宋淳熙间进士，官江宁通判、从政郎，淳熙12年（1185）7月任常州教,high
person_da3228fbb263a1,李瑞钟,纂修,清,swhgz_4ce3b5c5c31c,74,9～1470）纂辑《重修毗陵志》时，曾经以之作为参考，余未详。 （纪燕秋） 【附存目】 常州府志 六十八卷／（清）李瑞钟纂修。 据1958年版朱士嘉编《中国地方志综录》（增订本）载：“《常州府志》，68卷，李瑞钟纂修，清光绪8年版本。,high
person_f56df410a9536f,郭毓秀,纂修,清,swhgz_4ce3b5c5c31c,78,金坛县志 十六卷／（清）郭毓秀纂修·—清康熙22年（1683）刻本。 毓秀，陕西耀州人，清举人，康熙20年6月任金坛知县。此志即修于毓秀在任期间,high
person_42f57130b56245,徐一经,纂修,清,swhgz_4ce3b5c5c31c,79,前，人材、贡赋，役产之等晔于几案”，且“皆四方所未闻而史牒所未备也”。 （王 宏） 溧阳县志 十四卷首一卷／（清）徐一经纂修·—清康熙6年（1667）刻本。——《中国地方志联合目录》首一卷未著录。 一经，字履常，湖北江陵人，举人，康熙,high
person_0618009cd9db55,赵利,纂修,宋,swhgz_4ce3b5c5c31c,80,力辨其非；卷16《杂类志》“补遗”目，共补旧志所缺近200条，可谓后出转精。 （张乃格） 【佚志】 溧阳志 （宋）赵利纂修。 利，字廓夫，宋乾道8年（1172）知溧阳县事，编成此志元《至正金陵新志》疆域、民俗、古迹、人物等引此志多处,high
person_b08d6a034a4b11,翁澍,纂修,清,swhgz_4ce3b5c5c31c,86,，较为切合当地特点。《杂记》记乡村、渡口、桥梁、湾港、洲矶等名，亦与他志不同。 （叶瑞宝） 具区志 十六卷／（清）翁澍纂修·—康熙28年 《1689）刻本。——具区，太湖别称。 翁澍，字季霖，号胥母山人，清吴县洞庭东山人。早年师队吴,high
person_2e88645ba5955f,崇辨蒙塾,编,清,swhgz_4ce3b5c5c31c,89,吴郡地理志要 一卷／（清）崇辨蒙塾编辑·—清刊本。 《吴郡地理志要》原为长洲（吴县）陆甬庵所编，长久以来为各塾所传钞，此本即为崇辨蒙熟传抄编辑而成,high
person_c9084b6c462a02,向球,纂修,清,swhgz_4ce3b5c5c31c,93,卷4檀越（法施、财施）；卷5灵异；卷6规制；卷7寓贤；卷8艺文；卷末杂记、题跋。 （姚 伟） 穹窿山志 六卷／（清）向球纂修，李标编辑·—清康熙刻本。 球，字黼文，甬东（今浙江宁波）人。标，字子建，号霞起，嘉善人，贡生。精史学，尤熟悉,high
person_549df8d1246229,潘之恒,编,明,swhgz_4ce3b5c5c31c,95,世居石湖，故作此书以述其山川古迹，兼及人物。钞本有顾千里等题识，弥足珍贵。 （李嘉球） （明）三吴杂志 一卷／（明）潘之恒编．—明刻本。一此书专记太湖。 之恒，字景升，号天都山史。明歙（今安徽歙县）人，侨居南 京。工诗。嘉靖间官中书舍,high
person_1a4ad13343ec11,祝圣培等,纂修,清,swhgz_4ce3b5c5c31c,100,崇祯8年又经县令涂必泓重为修板付印。《隆庆志》“科第”类增辑至万历25年。 （江 陵） 长洲县志 二十二卷／（清）祝圣培等纂修。—康熙23年（1684）刻本。 圣培，字思益，清湖广应城人，康熙20年10月来任学官，修葺县志。其时去《万历,high
person_bbfff3152df8aa,彭方周,纂修,清,swhgz_4ce3b5c5c31c,103,聘》记有明初著名诗人高启生平，及其自号青丘子的原由，史料很珍贵。 （周 天） （吴郡）甫里志 二十四卷首一卷／（清）彭方周纂修，顾时鸿、王立礼校辑·—清乾隆30年（1765）刻本，抄本。——《中国地方志联合目录》作彭方周修，顾时鸿、王立,high
person_c43ebe77e6b998,徐傅,编,清,swhgz_4ce3b5c5c31c,104,8位举人姓名、仕履、中举年代等内容。但抄本目录与正文间有不相符处。 （朱兰霞） （道光）光福志 十二卷首二卷／（清）徐傅编·—道光24年（1844）稿本，清顾莼思无邪室抄本，抄本。——光福，今为吴县光福乡。 傅，字月坡，江苏吴县光福,high
person_db7602e597badf,徐傅,编,清,swhgz_4ce3b5c5c31c,104,范成大、沈德潜、汪琬、王士祯等。然而，地理与人物诸门，尚有缺略。 （周 天） 光福志 十二卷首一卷补编一卷／（清）徐傅编。（民国）五镛抄辑，张郁文校补·—民国18年（1929）苏城毛上珍铅字本，抄本。——张郁文《中国地方志联合目录,high
person_71f215c60535d2,徐山民,编,清,swhgz_4ce3b5c5c31c,108,甫里人物考 二十二卷／（清）徐山民编．—道光9年（1829）刊本。——吴县档案馆藏。 山民，名达源，以字行，吴江县黎里镇人。诸生，官至待诏。博雅好,high
person_5a11f289e9324f,孙应时,纂修,宋,swhgz_4ce3b5c5c31c,108,清初抄本。 一藏苏州文管会，已残。尧峰山在吴县西南。《中国地方志联合目录》未著录。 重修琴川志 十五卷图一卷／（宋）孙应时纂修，鲍廉增补，（元）卢镇续修·明毛氏汲古阁刻本，清张海鹏借月山房刻本；清嘉庆间《宛委别藏》本，1988年江苏古籍,high
person_20d31e794c56c5,谶庐,编,民国,swhgz_4ce3b5c5c31c,119,1823）后“寻卒”，年69，是同治间久不在世了，疑志稿已经后人增补。 （冯 勤 张冠星） 双浜小志稿 三卷／（民国）谶庐编修·—民国21年（1932）未完稿本。 懺庐为王鸿飞的号。鸿飞，生平未详。卷1沿革、市镇、江防、海防、田赋、蠲,high
person_65a60257c43af1,时宝臣重,编,清,swhgz_4ce3b5c5c31c,126,人与日寇英勇斗争的事迹，体现了续志的时代特点，也表现了作者爱国、爱乡的情感。 （黄静 陈华） 双凤里志 六卷／（清）时宝臣重编·—抄本。——双凤乡今属太仓县。 《双凤里志》首里地全境图，次道光5年（1825）谭天成《序》、徐元润道光9年,high
person_552dbbb07cdd7e,钱云,编,清,swhgz_4ce3b5c5c31c,145,京博物院。 书中收录清乾隆《吴江县志》、《震泽县志》以后两县人物，下限迄于道光年间。 （杨晓蓉） 吴江人物志 （清）钱云编·—清光绪间抄本。一藏于南京博物院。 此志不分卷，凡5门：官师、武功、孝义、儒林、忠义。全书共收明洪武至清光绪,high
person_c1a44407293d96,张峰,纂修,明,swhgz_4ce3b5c5c31c,159,知县。此志纂于万历20年（1592），卷数，内容未详，末刻。顺治修志时尚未全佚。 （王德云） 海州志 十卷／（明）张峰纂修，裴天祐校正，郑复亨补辑·—明隆庆6年（1572）刻本；1962年12月上海古籍书店《天一阁藏明代地方志选刊》,high
person_8a9e2a3d96d36c,崔应阶重,编,清,swhgz_4ce3b5c5c31c,161,云台山志 八卷首一卷末一卷／（清）崔应阶重编，吴恒宣校订·—清乾隆37年（1772）刻本。——云台山在今连云港市。 应阶，清湖北江夏人，进士，曾任江苏布政,high
person_c1165c47eaade9,徐可达,纂修,明,swhgz_4ce3b5c5c31c,173,及兵匪之祸编年纪月，足可反映出沭阳一带历史上特别是近代政治社会方面的变化。 （王乃友） 【佚志】 沭阳县志 （明）徐可达纂修。 可达，江西德化人。选贡。明万历20年（1592）任沭阳县令。张奇抱《 沭阳县志·凡例》；“前明万历时大令,high
person_e87f817c3a2279,梁文焕,纂修,清,swhgz_4ce3b5c5c31c,174,沭阳县志 十卷／（清）梁文焕纂修。 文焕，陕西乾州人。清顺治15年（1658）进士。康熙元年任沭阳县令．康熙《张志》卷3《艺文》有康熙7年梁文,high
person_aa6bb780c480d9,眭文焕,纂修,清,swhgz_4ce3b5c5c31c,176,地、熟地、纳税、荒年减税等情况。因系现存最早县志，资料价值弥足珍贵。 （张鸿来） 重修桃源县志 十卷首一卷／（清）眭文焕纂修·—清乾隆3年（1738）刻本；民国6年（1917）汪保诚铅印本；抄本。 文焕，湖南零陵人，雍正元年（1723,high
person_0d747f7522db6f,乔弘德,纂修,清,swhgz_4ce3b5c5c31c,177,该志均依朱，刘谱牒一一改正。但将艺文分记在《名宦传》和《乡贤传》里，不合志例。 （曹红军） 安东县志 八卷／（清）乔弘德纂修·—清康熙37年（1698）刻蓝印本；上海社会科学院出版社1989年彭云生等点校本。——安东，即今涟水县。 弘,high
person_b4b56f96c82140,嵇钢,纂修,明,swhgz_4ce3b5c5c31c,178,余皆草率。特别是将旧志《艺文》附于《学校》，且仅记文目，有碍一方文献考索。 （江 凌） 【佚志】 安东县志 （明）嵇钢纂修。 钢，字克坚，邑人，明成化22年（1486）举人，选授於潜县令，历任河州知州，临兆知府．后辞官归里，以《洪武,high
person_091da2ad77c40d,曾惟诚,纂修,明,swhgz_4ce3b5c5c31c,181,帝王之生，天实为之”，并附会“武敏生稷，玄鸟生商”的古老传说，未免过于牵强。 （王乃友） 帝乡纪略 十一卷／（明）曾惟诚纂修·—明万历间刻本。——帝乡，此指泗州。 惟诚，明四川富顺人，举人，万历27年（1599）来任泗州知州。此志前文,high
person_60275494f8b578,叶兰,纂修,清,swhgz_4ce3b5c5c31c,182,衡，二是《历代职官》明代部分仅以有功民社学校者载之，以致丧失了不少珍贵的资料。 （张乃格） 泗州志 十一卷／（清）叶兰纂修·—抄稿本；抄本． 兰，清陕西榆林县人，乾隆25年（1760）举人，由内阁中书任安庆府同知，乾隆51年署理泗州,high
person_3cc1f28959e17f,汪应轸,纂修,明,swhgz_4ce3b5c5c31c,184,修。因系草创，故粗疏，失实之处间或有之。正德13年（1518）重修县志时，曾多所采摘． （张冠星） 泗州志 （明）汪应轸纂修． 应轸，字子宿，号青湖，明浙江山阴（今绍兴）人．正德12年（1517）进士，选庶吉士，正德12年以谏南巡被杖,high
person_9ed6fea1124d39,胡应麟,纂修,清,swhgz_4ce3b5c5c31c,184,目类乎万历《戴志》，所增为《万历志》以后之新事及其以前所缺之旧事，内容也较前志为简。 （张修银） 旰眙县志 （清）胡应麟纂修。 应麟，字漫园，清海宁人，监生，康熙18年（1679）来任盱眙知县。清勤有雅才，在任有善政。康熙24年，康熙,high
person_7516cf59365399,冯观民,纂修,清,swhgz_4ce3b5c5c31c,189,阜宁县志 八卷／（清）冯观民纂修·—抄本。 观民，生卒年不详，清山西代州（今山西省代县）人。由附生加捐县丞，历任福建建安县县丞，委署将乐县知县,high
person_bca175e72d61c4,雷应元,纂修,清,swhgz_4ce3b5c5c31c,191,苦的命运。又，此志既参稽嘉靖府志，可资弥补今本《嘉靖志》之残阙不足。 （许卫平） 扬州府志 二十七卷首一卷／（清）雷应元纂修·—清康熙3年（1664）刻本。 应元，清辽东（今辽宁省境内）人。顺治17年（1660）来任扬州知府。该志前有,high
person_dc7ebd30506138,金镇,纂修,清,swhgz_4ce3b5c5c31c,191,物年代乖舛蹐驳者十之三、四。”雍正府志凡例也说它“简略未详”，都有一定道理。 （许卫平） 扬州府志 四十卷／（清）金镇纂修·—清康熙14年（1675）刻本；油印本；抄本。一抄本藏扬州师院图书馆，《中国地方志联合目录》未著录。 镇，字,high
person_dea5f6208455c1,焦循,编,清,swhgz_4ce3b5c5c31c,194,利、田赋、学校、人物、灾祥、艺文等方面，为有关学科与历史人物的研究提供了宝贵的资料。 （许卫平） 邗记 六卷／（清）焦循编·—清光绪11年（1885）仪征吴丙湘校刻《传砚斋丛书》本；抄本。——邗系扬州之代称，因春秋时吴王曾在扬州筑邗,high
person_6c7143efdf7ecc,程梦星,编,清,swhgz_4ce3b5c5c31c,195,而《杂识》收录方言、诗话、轶事遗闻等方面的内容，也可以广耳目，长见识。 （许卫平） （清）平山堂小志 十二卷／（清）程梦星编纂，汪立德、汪秉德校·—清乾隆16年（1751）刊本。 梦星，字午桥，清江都人，康熙进士，选庶吉士，丁艰归，不,high
person_800c5c4e1f83e7,赵鹤,纂修,明,swhgz_4ce3b5c5c31c,197,《成化志》、《嘉靖志》、《万历志》计之，恰是“四经修葺”，与此相合． （谷 音） （明）惟扬郡乘正要 八十卷／（明）赵鹤纂修． 鹤，字叔鸣，明江都瓜洲（今属邗江县）人。弘治9年（1496）进士，授户部主事，正德初升建昌知府，擢山东提学,high
person_4657df61cda918,李苏,纂修,清,swhgz_4ce3b5c5c31c,198,隆庆）永州府志》）同。提封万井，周制也，以名疆域，不免阁虬户之讥。” （许卫平） （康熙）江都县志 十六卷／（清）李苏纂修·—清康熙56年（1717）刻本，抄本。 苏，字环溪，湖北荆门人。康熙42年进士，53年任江都知县。该志卷前有,high
person_74fac2672a329c,王开益,编,清,swhgz_4ce3b5c5c31c,200,广编有志稿。”知书成于康熙13年（1674）。阮元《淮海英灵集》亦记述叶弥广事迹． （谷 音） —甘棠小志 （清）王开益编·—清，光绪13年 1876）刻本。——藏扬州市图书馆。《中国地方志联合目录》未著录。 甘泉县志 二十卷首一,high
person_a6e7e42bec141a,刘万春,纂修,明,swhgz_4ce3b5c5c31c,203,为民赋的研究提供了较为翔实的文献资料。但后人亦有讥其“芜杂”，“简陋”者。 （许卫平） 泰州志 十卷图一卷／（明）刘万春纂修·—明祟祯6年（1633）～17年刻本；清康熙58年（1719）魏锡祚刻本；传抄康熙58年本；恨不读书堂抄本；,high
person_cd8e9c404ae60f,马锡纯,编,清,swhgz_4ce3b5c5c31c,206,然对泰县地区共产党领导的革命斗争，充斥诬蔑、歪曲之词，反映其阶级立场和局限性， （许卫平） 泰州乡土志 二卷／（清）马锡纯编·—清光绪34年（1908）锦章书局石印本。 锡纯，字东皋，泰州人。少负才名，曾任县立第一高等小学校长，省立第,high
person_c807066662bbd3,万钟,纂修,宋,swhgz_4ce3b5c5c31c,207,》2条。所引不曰“旧图经”，知与前图经有异，推测亦书成于宋代，且不晚于宝庆年间。 （谷 音） 吴陵志 十卷／（宋）万钟纂修。一泰州在唐为吴陵县。 钟，字元亨，宋钱塘人，淳熙10年（1183）知泰州。《直斋书录解题》卷8：“《吴陵志》,high
person_1fd507fc282064,马章玉,纂修,清,swhgz_4ce3b5c5c31c,208,记载。后任汪时泰在序中赞此志：“条分缕晰，纲举目张，庶几无愧一方志也。” （许卫平） 增修仪真县志 十二卷／（清）马章玉纂修一清康熙32年（1693）刻本；清康熙40年后补刻本。——《中国地方志联合目录》夺“增修”2字。 章玉，会稽（,high
person_14137387e5fe4f,陆师,纂修,清,swhgz_4ce3b5c5c31c,208,数、纂修者，由此可考镜源流，比较系统地了解历史上仪真县志的编纂与发展情况。 （许卫平） 仪真县志 二十二卷／（清）陆师纂修·—清康熙57年（1718）采碧山堂刻本；乾隆重印本；抄本。 师，字麟度，浙江归安（今浙江省吴兴县）人。康熙4,high
person_9436bea978857b,李昭治,纂修,清,swhgz_4ce3b5c5c31c,210,之增修，故自隆庆2年至崇祯12年皆本于《姜志》。”推测该志基本内容尚被保存。 （谷 音） 仪征县志 三十卷／（清）李昭治纂修． 昭治，西充人，康熙末年任仪真知县。《嘉庆县志·凡例》：“前知县李昭治《续志》三十卷，仅增辑数年之事。”《道,high
person_2a7bbe6607aced,胡顺华,纂修,明,swhgz_4ce3b5c5c31c,211,讨元基暨诸生陶鉴草志二十二卷，迄乾隆三十八年而止，考核亦未周详，今采择成书。” （谷 音） 兴化县志 四卷／（明）胡顺华纂修·—明嘉靖38年（1559）刻本。 顺华，字宾甫，明湖广武陵（今湖南省常德市）人，嘉靖35年举人，次年来任兴化,high
person_6df8fe96c30b70,张可立,纂修,清,swhgz_4ce3b5c5c31c,211,呼、寿诞、会诞、相见、分资、柬帖等，地方特色亦颇浓郁。然于门目分设殊有混淆。 （汤晓扬） 兴化县志 十四卷／（清）张可立纂修·—清康熙23年（1684）刻本；清康熙24年抄本；台北成文出版社《中国方志丛书》1983年据康熙抄本影抄本。,high
person_e34ce77f72c231,汤一贤,纂修,明,swhgz_4ce3b5c5c31c,217,往往病其过于简略。《隆庆县志·凡例》论曰：“宝应旧为志略，说者率病其挂一矣。” （汤晓扬） 宝应县志 十卷／（明）汤一贤纂修·—明隆庆3年（1569）刻本。——残，今存卷1—3。 一贤，明湖广蕲州（今湖北省蕲春县）人，举人，隆庆2年任,high
person_1f0a080c72f6f8,宋生,纂修,清,swhgz_4ce3b5c5c31c,224,之处，如既设《宅墓》，又设《义冢》；延令村为当时县治，却列入《古迹》门中等等。 （汤晓扬） 泰兴县志 四卷／（清）宋生纂修·—清康熙55年（1716）刻本；抄本。 生，字疆斋，河南固始人，举人，康熙50年任泰兴县令。宋氏于康熙55年,high
person_76e3c2d6f35857,朱霖等,纂修,清,swhgz_4ce3b5c5c31c,227,《镇江府驻扎御前诸军副都统厅壁记》等文，《艺文》也应收而未收，等等。 （吴宗海） 镇江府志 五十五卷首一卷／（清）朱霖等纂修·—清乾隆间刻本。 霖，清松山（在今辽宁省锦县西南）入，乾隆15牢（1750）来任镇江知府。早在雍正8年（17,high
person_d5479a5e8dafa8,史宗道,纂修,明,swhgz_4ce3b5c5c31c,234,元吉 又得名儒俞桂以为之助。”俞桂，字时芳，明丹徒人，亦精于易学。 （张乃格） 正正德）镇江府志 三十二卷／（明）史宗道纂修，林魁等增补刊刻。 宗道，名鲁，字宗道，明蒲州（今山西永济等地）人，正德3年（1508）进士，同年任镇江府推官,high
person_d8444045112cff,周伯义,编,清,swhgz_4ce3b5c5c31c,234,、朱彝尊《正德重修金山志跋》，今并存于《 乾隆）金山志》卷10《序跋》中。 （张乃格） 北固山志 十五卷／（清）周伯义编，陈任旸订·—清光绪30年（1904）刻本。——藏于台湾省。1981年台湾成文出版社有限公司曾据光绪刻本影印。,high
person_369c9fb745ef01,周伯义,编,清,swhgz_4ce3b5c5c31c,235,金山志 二十二卷／（清）周伯义编，陈任旸订·—清光绪三十年（1994）刻本。——藏于台湾省。1981年台湾成文出版社有限公司曾据光绪刻本影印。,high
person_0f9249d1e923e7,何世学,纂修,明,swhgz_4ce3b5c5c31c,235,保存了明代丹徒县及江南地区民间养马服役制度演变的珍贵史料，但记载内容失之过简。 （彭 快） 丹徒县志 四卷／（明）何世学纂修·—万历初刻本。 世学，字道甫，浙江萧山人。隆庆2年（1568）进士，次年来任丹徒知县。在任节用缓征，公私两裕,high
person_35835ec83f4b06,朱密,纂修,明,swhgz_4ce3b5c5c31c,240,彦《序》“无可稽考’等语，可知志书成稿后并未付刻，康熙22年（1683）前即已亡佚。 （王乃吉） 丹阳县志 （明）朱密纂修。 《（光绪）重修丹阳县志·旧序》所收清《（康熙）丹阳县志》吴之彦《序》：“取邑志考之， 。”朱密，生平未详,high
person_62df772d505719,吴之彦,纂修,清,swhgz_4ce3b5c5c31c,240,辑县志时此书尚存。佚于何时未详。书前有汤礼敬《序》，今存于乾隆、光绪等志中。 （王乃吉） 丹阳县志 二十卷／（清）吴之彦纂修。 此志修成于清康熙22年（1683）。此时距明隆庆《丹阳县志》的修成已115年。未能终篇，刊行亦少。据乾隆《,high
person_c68746bb7370ff,曹袭先,纂修,清,swhgz_4ce3b5c5c31c,241,句容小志 十卷首一卷末一卷／（清）曹袭先纂修·—清乾隆15年（1750）刻本；清光绪26年（1900）杨世沅重刻本；1974年台北成文出版社有限公司据光绪,high
person_54e1b0f3460d21,冯观民,纂修,清,swhgz_4ce3b5c5c31c,248,阜宁县志 八卷／（清）冯观民纂修·—抄本。 观民，生卒年不详，清山西代州（今山西省代县）人。由附生加捐县丞，历任福建建安县县丞，委署将乐县知县,high
person_1d4984272f7949,雷应元,纂修,清,swhgz_4ce3b5c5c31c,250,苦的命运。又，此志既参稽嘉靖府志，可资弥补今本《嘉靖志》之残阙不足。 （许卫平） 扬州府志 二十七卷首一卷／（清）雷应元纂修·—清康熙3年（1664）刻本。 应元，清辽东（今辽宁省境内）人。顺治17年（1660）来任扬州知府。该志前有,high
person_e9ae9a63077612,金镇,纂修,清,swhgz_4ce3b5c5c31c,250,物年代乖舛蹐驳者十之三、四。”雍正府志凡例也说它“简略未详”，都有一定道理。 （许卫平） 扬州府志 四十卷／（清）金镇纂修·—清康熙14年（1675）刻本；油印本；抄本。一抄本藏扬州师院图书馆，《中国地方志联合目录》未著录。 镇，字,high
person_948c458fa439be,焦循,编,清,swhgz_4ce3b5c5c31c,253,利、田赋、学校、人物、灾祥、艺文等方面，为有关学科与历史人物的研究提供了宝贵的资料。 （许卫平） 邗记 六卷／（清）焦循编·—清光绪11年（1885）仪征吴丙湘校刻《传砚斋丛书》本；抄本。——邗系扬州之代称，因春秋时吴王曾在扬州筑邗,high
person_6dd47b2902ec72,程梦星,编,清,swhgz_4ce3b5c5c31c,254,而《杂识》收录方言、诗话、轶事遗闻等方面的内容，也可以广耳目，长见识。 （许卫平） （清）平山堂小志 十二卷／（清）程梦星编纂，汪立德、汪秉德校·—清乾隆16年（1751）刊本。 梦星，字午桥，清江都人，康熙进士，选庶吉士，丁艰归，不,high
person_e1529b20c3d072,赵鹤,纂修,明,swhgz_4ce3b5c5c31c,256,《成化志》、《嘉靖志》、《万历志》计之，恰是“四经修葺”，与此相合． （谷 音） （明）惟扬郡乘正要 八十卷／（明）赵鹤纂修． 鹤，字叔鸣，明江都瓜洲（今属邗江县）人。弘治9年（1496）进士，授户部主事，正德初升建昌知府，擢山东提学,high
person_7d50201964502e,李苏,纂修,清,swhgz_4ce3b5c5c31c,257,隆庆）永州府志》）同。提封万井，周制也，以名疆域，不免阁虬户之讥。” （许卫平） （康熙）江都县志 十六卷／（清）李苏纂修·—清康熙56年（1717）刻本，抄本。 苏，字环溪，湖北荆门人。康熙42年进士，53年任江都知县。该志卷前有,high
person_46e77975881d78,王开益,编,清,swhgz_4ce3b5c5c31c,259,广编有志稿。”知书成于康熙13年（1674）。阮元《淮海英灵集》亦记述叶弥广事迹． （谷 音） —甘棠小志 （清）王开益编·—清，光绪13年 1876）刻本。——藏扬州市图书馆。《中国地方志联合目录》未著录。 甘泉县志 二十卷首一,high
person_c99af19ffb21c4,刘万春,纂修,明,swhgz_4ce3b5c5c31c,262,为民赋的研究提供了较为翔实的文献资料。但后人亦有讥其“芜杂”，“简陋”者。 （许卫平） 泰州志 十卷图一卷／（明）刘万春纂修·—明祟祯6年（1633）～17年刻本；清康熙58年（1719）魏锡祚刻本；传抄康熙58年本；恨不读书堂抄本；,high
person_4b4aceca8e12ea,马锡纯,编,清,swhgz_4ce3b5c5c31c,265,然对泰县地区共产党领导的革命斗争，充斥诬蔑、歪曲之词，反映其阶级立场和局限性， （许卫平） 泰州乡土志 二卷／（清）马锡纯编·—清光绪34年（1908）锦章书局石印本。 锡纯，字东皋，泰州人。少负才名，曾任县立第一高等小学校长，省立第,high
person_b51e4ad5ce3727,万钟,纂修,宋,swhgz_4ce3b5c5c31c,266,》2条。所引不曰“旧图经”，知与前图经有异，推测亦书成于宋代，且不晚于宝庆年间。 （谷 音） 吴陵志 十卷／（宋）万钟纂修。一泰州在唐为吴陵县。 钟，字元亨，宋钱塘人，淳熙10年（1183）知泰州。《直斋书录解题》卷8：“《吴陵志》,high
person_48b1bcb326ab4e,马章玉,纂修,清,swhgz_4ce3b5c5c31c,267,记载。后任汪时泰在序中赞此志：“条分缕晰，纲举目张，庶几无愧一方志也。” （许卫平） 增修仪真县志 十二卷／（清）马章玉纂修一清康熙32年（1693）刻本；清康熙40年后补刻本。——《中国地方志联合目录》夺“增修”2字。 章玉，会稽（,high
person_669bcebd2eb34c,陆师,纂修,清,swhgz_4ce3b5c5c31c,267,数、纂修者，由此可考镜源流，比较系统地了解历史上仪真县志的编纂与发展情况。 （许卫平） 仪真县志 二十二卷／（清）陆师纂修·—清康熙57年（1718）采碧山堂刻本；乾隆重印本；抄本。 师，字麟度，浙江归安（今浙江省吴兴县）人。康熙4,high
person_eaba42c3e74617,李昭治,纂修,清,swhgz_4ce3b5c5c31c,269,之增修，故自隆庆2年至崇祯12年皆本于《姜志》。”推测该志基本内容尚被保存。 （谷 音） 仪征县志 三十卷／（清）李昭治纂修． 昭治，西充人，康熙末年任仪真知县。《嘉庆县志·凡例》：“前知县李昭治《续志》三十卷，仅增辑数年之事。”《道,high
person_555c3569a15101,胡顺华,纂修,明,swhgz_4ce3b5c5c31c,270,讨元基暨诸生陶鉴草志二十二卷，迄乾隆三十八年而止，考核亦未周详，今采择成书。” （谷 音） 兴化县志 四卷／（明）胡顺华纂修·—明嘉靖38年（1559）刻本。 顺华，字宾甫，明湖广武陵（今湖南省常德市）人，嘉靖35年举人，次年来任兴化,high
person_af3277ff34e225,张可立,纂修,清,swhgz_4ce3b5c5c31c,270,呼、寿诞、会诞、相见、分资、柬帖等，地方特色亦颇浓郁。然于门目分设殊有混淆。 （汤晓扬） 兴化县志 十四卷／（清）张可立纂修·—清康熙23年（1684）刻本；清康熙24年抄本；台北成文出版社《中国方志丛书》1983年据康熙抄本影抄本。,high
person_f1e08afc685883,汤一贤,纂修,明,swhgz_4ce3b5c5c31c,276,往往病其过于简略。《隆庆县志·凡例》论曰：“宝应旧为志略，说者率病其挂一矣。” （汤晓扬） 宝应县志 十卷／（明）汤一贤纂修·—明隆庆3年（1569）刻本。——残，今存卷1—3。 一贤，明湖广蕲州（今湖北省蕲春县）人，举人，隆庆2年任,high
person_26e406ee1364a8,宋生,纂修,清,swhgz_4ce3b5c5c31c,283,之处，如既设《宅墓》，又设《义冢》；延令村为当时县治，却列入《古迹》门中等等。 （汤晓扬） 泰兴县志 四卷／（清）宋生纂修·—清康熙55年（1716）刻本；抄本。 生，字疆斋，河南固始人，举人，康熙50年任泰兴县令。宋氏于康熙55年,high
person_6c18192be82412,朱霖等,纂修,清,swhgz_4ce3b5c5c31c,286,《镇江府驻扎御前诸军副都统厅壁记》等文，《艺文》也应收而未收，等等。 （吴宗海） 镇江府志 五十五卷首一卷／（清）朱霖等纂修·—清乾隆间刻本。 霖，清松山（在今辽宁省锦县西南）入，乾隆15牢（1750）来任镇江知府。早在雍正8年（17,high
person_d9da81e049dd71,史宗道,纂修,明,swhgz_4ce3b5c5c31c,293,元吉 又得名儒俞桂以为之助。”俞桂，字时芳，明丹徒人，亦精于易学。 （张乃格） 正正德）镇江府志 三十二卷／（明）史宗道纂修，林魁等增补刊刻。 宗道，名鲁，字宗道，明蒲州（今山西永济等地）人，正德3年（1508）进士，同年任镇江府推官,high
person_9aa4220255285c,周伯义,编,清,swhgz_4ce3b5c5c31c,293,、朱彝尊《正德重修金山志跋》，今并存于《 乾隆）金山志》卷10《序跋》中。 （张乃格） 北固山志 十五卷／（清）周伯义编，陈任旸订·—清光绪30年（1904）刻本。——藏于台湾省。1981年台湾成文出版社有限公司曾据光绪刻本影印。,high
person_d04729096d7f1f,周伯义,编,清,swhgz_4ce3b5c5c31c,294,金山志 二十二卷／（清）周伯义编，陈任旸订·—清光绪三十年（1994）刻本。——藏于台湾省。1981年台湾成文出版社有限公司曾据光绪刻本影印。,high
person_c519706d6737f5,何世学,纂修,明,swhgz_4ce3b5c5c31c,294,保存了明代丹徒县及江南地区民间养马服役制度演变的珍贵史料，但记载内容失之过简。 （彭 快） 丹徒县志 四卷／（明）何世学纂修·—万历初刻本。 世学，字道甫，浙江萧山人。隆庆2年（1568）进士，次年来任丹徒知县。在任节用缓征，公私两裕,high
person_b86ec5913708fa,朱密,纂修,明,swhgz_4ce3b5c5c31c,299,彦《序》“无可稽考’等语，可知志书成稿后并未付刻，康熙22年（1683）前即已亡佚。 （王乃吉） 丹阳县志 （明）朱密纂修。 《（光绪）重修丹阳县志·旧序》所收清《（康熙）丹阳县志》吴之彦《序》：“取邑志考之， 。”朱密，生平未详,high
person_7125894f7ed032,吴之彦,纂修,清,swhgz_4ce3b5c5c31c,299,辑县志时此书尚存。佚于何时未详。书前有汤礼敬《序》，今存于乾隆、光绪等志中。 （王乃吉） 丹阳县志 二十卷／（清）吴之彦纂修。 此志修成于清康熙22年（1683）。此时距明隆庆《丹阳县志》的修成已115年。未能终篇，刊行亦少。据乾隆《,high
person_c9f1b5423ef89a,曹袭先,纂修,清,swhgz_4ce3b5c5c31c,300,句容小志 十卷首一卷末一卷／（清）曹袭先纂修·—清乾隆15年（1750）刻本；清光绪26年（1900）杨世沅重刻本；1974年台北成文出版社有限公司据光绪,high
person_fab9c16e2078b3,徐复,主编,,swhgz_4ce3b5c5c31c,302,德基所撰“庆祝之篇，酧赠之什，绮语谀词”颇多，资料谬误也间或有之。 （张晓贤） 版权 书名：江苏旧方志提要 主 编：徐 复 季文通 地址：电话：邮编： 责任编辑： 地址：电话：邮编： 主办单位： 地址：电话：邮编： 出 版 社：江苏古籍出版社 地,high
person_baedba9a844d3a,季文通,主编,,swhgz_4ce3b5c5c31c,302,德基所撰“庆祝之篇，酧赠之什，绮语谀词”颇多，资料谬误也间或有之。 （张晓贤） 版权 书名：江苏旧方志提要 主 编：徐 复 季文通 地址：电话：邮编： 责任编辑： 地址：电话：邮编： 主办单位： 地址：电话：邮编： 出 版 社：江苏古籍出版社 地,high
person_c0a8f438a68822,地址,主编,,swhgz_4ce3b5c5c31c,302,德基所撰“庆祝之篇，酧赠之什，绮语谀词”颇多，资料谬误也间或有之。 （张晓贤） 版权 书名：江苏旧方志提要 主 编：徐 复 季文通 地址：电话：邮编： 责任编辑： 地址：电话：邮编： 主办单位： 地址：电话：邮编： 出 版 社：江苏古籍出版社 地,high
person_9edb433d695e59,地址,责任编辑,,swhgz_4ce3b5c5c31c,302,，资料谬误也间或有之。 （张晓贤） 版权 书名：江苏旧方志提要 主 编：徐 复 季文通 地址：电话：邮编： 责任编辑： 地址：电话：邮编： 主办单位： 地址：电话：邮编： 出 版 社：江苏古籍出版社 地址：电话：邮编： 照 排： 地址,high
