entity_id,transport_term,category,related_places,doc_id,page_number,context_snippet,confidence
transport_41bea98b5280ce,交通,general_transport,,swhgz_8ac060901a96,13,"338 . .. . .. . ., . ., . .. '"" . . . .,. …….338 第九卷 交通邮电……. • • • • , • • . • • • . . • • • • • . • • . • . •",high
transport_da561d46793c7b,交通,general_transport,,swhgz_8ac060901a96,13,"• …354 .,. ... .,. ... ... •.. ... .,. .,. …354 第-章交通运输………. I I • 1. II……. """" '""' .., """" •.. ... ... ""'289",high
transport_95ab94dfe7c262,码头,waterway,吴江县;吴江,swhgz_8ac060901a96,16,"名士奉 为上宾，也可见其气度之宏、魄力之大了。盛泽的这一特点之形成 有着如下两个原因z 一是商业之利使其成了活码头，""富商大贾荤 万金来买者摩肩连抉""(乾隆《吴江县志ìì );二是盛泽人本身富有开 拓精神。清道光后，繁荣称东",high
transport_73facb629bb8a1,码头,waterway,吴江县;上海;苏州;吴江,swhgz_8ac060901a96,16,"乾隆《吴江县志ìì );二是盛泽人本身富有开 拓精神。清道光后，繁荣称东南之首的苏州闰门内水关就辟有""盛 i手码头""z 光绪年间，又到上海建立盛怪公所g 盛泽的绸庄伸到了← 天津、汉口、景德镇、破石、杭州等地。近年来p 盛泽",high
transport_4a67634f38fcb4,运河,waterway,吴江县;吴江,swhgz_8ac060901a96,17,庙、诗文、快事，在道光中修 成《舜湖i己略>>1岳卷，为抄本，书法精美，今存6 卷。 盛泽乡北部的黄溪村，原为运河畔的小镇。黄溪人钱挥，奉命 篡吴江县志，未戚，遂整理有美黄攘的资料，编成《黄溪志)) ，为 道光十一年(183,high
transport_2cfd67bba6c417,码头,waterway,苏州,swhgz_8ac060901a96,20,(1849)大水，tJl 民死者无数。道光年间，王致望修成《舜湖 记略)) ，周叔斗等结红梨诗社，苏州阁门盛泽码头开辟。 咸丰十年(1860) 四月二十六、二十七日，黄溪、新杭两市在太 平军与清军激战中被毁。七月，太平军进驻,high
transport_9a6ea625515376,码头,waterway,上海;苏州,swhgz_8ac060901a96,20,1878)，米业公所建立。九年(1883) ，洪养和堂(中 药铺)开设。十三年(1887) ，苏州间门内的盛泽码头恢复。十五年 (1889) ，盛泽、王江泾绸商在上海合建盛泾公所。二十二年(1896) ， 天成钱兑号开业。二,high
transport_81b26d59cec3f2,公路,road,,swhgz_8ac060901a96,22,国21 年(1932) 8 月 1 日，((盛泽医药报》创刊。 民国22 年(1933) 9 月 2 日，苏嘉公路通车至盛。12 月10 日， 盛泽至嘉兴通车。 民国23 年(1 934) ，夏大旱，黄梅不雨，秋遭螺虫害，收,high
transport_0fd6b3a970df24,铁路,rail,江苏;吴江,swhgz_8ac060901a96,22,6) 2 月7 日，领投业合作组织一一集成总部开 业。3 月5 日，大谢乡运销合作社成立。7 月15 日，苏嘉铁路通车。 民国26 年(1937) 4 月，定北伐军抵达盛泽日二月二十七日为 盛泽节。5 月，江苏文艺协会吴江分,high
transport_057be9de97d767,铁路,rail,,swhgz_8ac060901a96,22,。 民国27 年(1938) ，日本人佐佐木在盛设通运公司，垄断丝绸 运输。11 月29 日，沈立群率部在苏嘉铁路62 号桥附近埋雷炸毁 铁路并与日军激战。 民国28 年(1 939) 3 月 18 日，汪伪国民党第三区党部,high
transport_6223c062e3c0b6,铁路,rail,,swhgz_8ac060901a96,22,，日本人佐佐木在盛设通运公司，垄断丝绸 运输。11 月29 日，沈立群率部在苏嘉铁路62 号桥附近埋雷炸毁 铁路并与日军激战。 民国28 年(1 939) 3 月 18 日，汪伪国民党第三区党部成立。 民国29 年(1 9,high
transport_e9770297ba9a0f,公路,road,吴江,swhgz_8ac060901a96,25,成立国营商业公司和集体商业公司。7 月，盛坛公路通车。9 月，新 生丝织厂、吴江印染厂的水谢牌12101 真丝练白双绝获国家银质 奖。 1985 年3 月 2,high
transport_3d0d89dca70fb7,公路,road,,swhgz_8ac060901a96,27,40' ，北纬30 0 54'。京抗运河 流经慎之东，离镇仅3 公里，镇之东、西白漾均有河道通向运河。苏 嘉公路在镇之北但)j 和东郊通过。镇区呈团状形，东至戚家坝，西至 坛丘革新村，南至沉瓦桥，北至如意村，东北至鸭头坝，,high
transport_b914de215b5846,道路,road,,swhgz_8ac060901a96,27,水道纵横如网，一派 江南水乡风貌。 20 世纪50 年代后，先后填平了市河、小庙港、北 泯等11 条河泯，改成道路，镇区地貌有所改变。 全镇地面高度为吴淤基面3.8-4.5 米，西白漾围垦田高度则 在3.5-4.0 米之间，,high
transport_6ac4b3f8a5c1a1,运河,waterway,,swhgz_8ac060901a96,27,距县城松陵镇32 公里，南抵浙 江王江泾4 公里。地理座标东经120 0 40' ，北纬30 0 54'。京抗运河 流经慎之东，离镇仅3 公里，镇之东、西白漾均有河道通向运河。苏 嘉公路在镇之北但)j 和东郊通过。镇区呈团状,high
transport_e342907d92af9e,运河,waterway,,swhgz_8ac060901a96,27,经120 0 40' ，北纬30 0 54'。京抗运河 流经慎之东，离镇仅3 公里，镇之东、西白漾均有河道通向运河。苏 嘉公路在镇之北但)j 和东郊通过。镇区呈团状形，东至戚家坝，西至 坛丘革新村，南至沉瓦桥，北至如意村，东,high
transport_38f8f6d8fec846,交通,general_transport,,swhgz_8ac060901a96,30,.68 46.02 53.98 建筑业 186 174 12 1. 13 93.54 6.46 交通运输、邮电通信业 423 375 48 2.58 88.65 11.35 商业饮食业、物资供销及仓 1,high
transport_fdbae83da52226,公路,road,,swhgz_8ac060901a96,32,花园街，将原鹅卵石路面改铺 石板路面。 1931 年至1935 年，区公所劝募经费，雇工建造马家弄 北口至苏嘉公路(便道)，路宽4 米，砂石路面。改建拓宽田瑾口至 目澜洲石瑾为煤屑路，填平交白荡。 1939 年，日军为军事上,high
transport_56894193eb5eca,公路,road,,swhgz_8ac060901a96,32,最宽她6 米。1983 年改铺水 泥路面。因舜新路兴起，该街商业地位已呈下降之势。 舜新路 原系马家弄口至苏嘉公路便道，1958 年路面移向东 侧三元弄口，南口遥接北新街，路面拓宽至8 米。1978 年铺设溺青 路面，198,high
transport_8a7b29a706e00b,码头,waterway,,swhgz_8ac060901a96,32,厘米口 径的738.1 米z 疏泼河道1105.3 米z 新建驳岸5 处，1020.9 米z 河 桥(岸边小码头) 29 座。全镇45 条街己铺设水泥路面38 条，129 条里弄已铺设水泥路面95 条. 二、主要街道 盛,high
transport_0f058582922073,交通,general_transport,,swhgz_8ac060901a96,33,"。 踩坊弄 因开设过踩坊而得名。今写作""彩坊弄""，误。 新开弄 民国4 年(1 915 年)灯会失火后，为便利交通，郑式 如舍地辟一新弄，故名。 卡家弄 l、舜年故居在该弄过北，为纪念卡舜年，故名。 仲家弄 有南北两条，因济",high
transport_fc19125c016fac,桥梁,bridge,,swhgz_8ac060901a96,34,地而得名。 王家庄 因清代王矢故居在此而得名。王失故居名东呆草堂， 即卡舜年故居绿晓庄址。 第二节桥 闷 一、桥梁 建国初，全镇有桥梁29 座，大多为拱形石桥。数十年间，先后 拆除19 座。它们是z 东庙桥、龄嘉桥、普嘉桥(,high
transport_7d07e059d6453a,桥梁,bridge,,swhgz_8ac060901a96,34,因清代王矢故居在此而得名。王失故居名东呆草堂， 即卡舜年故居绿晓庄址。 第二节桥 闷 一、桥梁 建国初，全镇有桥梁29 座，大多为拱形石桥。数十年间，先后 拆除19 座。它们是z 东庙桥、龄嘉桥、普嘉桥(以上初建于晋唐)、,high
transport_71ce45bb3a6873,桥梁,bridge,,swhgz_8ac060901a96,34,"叉名永兴桥，跨狭港啸，建置无考，原 系石拱桥，后改为桥闸两用建筑，桥形已变。其余古桥，均见""文 物""篇。 新式桥梁共14 座，多为钢筋混凝土平桥，分述如下z 圆明寺桥 苏嘉公路桥，初建于1933 年，为木质桥梁，1971年",high
transport_9eb80316740070,桥梁,bridge,,swhgz_8ac060901a96,34,"物""篇。 新式桥梁共14 座，多为钢筋混凝土平桥，分述如下z 圆明寺桥 苏嘉公路桥，初建于1933 年，为木质桥梁，1971年 改建，长68 米，宽7.3 米。 永兴桥 苏嘉公路桥，初建于1933 年，为木质桥梁， 1972",high
transport_a401943a506df7,桥梁,bridge,,swhgz_8ac060901a96,34,年，为木质桥梁，1971年 改建，长68 米，宽7.3 米。 永兴桥 苏嘉公路桥，初建于1933 年，为木质桥梁， 1972 年 改建，长8 米，宽7.3 米。 带福桥苏嘉公路桥，初建于1933 年，为木质桥梁，1972,high
transport_417a82b45c3672,运河,waterway,,swhgz_8ac060901a96,37,"第三章兵 事 盛泽在吴越春秋时属吴越边界，在新杭与王江泾附近发生过 战争。隋朝后，因盛泽不在大运河沿岸，""邮地曲僻，远城邑官 道""，故历代战事甚少，明代有""兵焚不加""的记载(卡梦熊《盛川题 景记>>)。抗倭时",high
transport_80423e9f42e010,道路,road,,swhgz_8ac060901a96,39,月，太平军攻杭州，盛泽以小船装运军饷。清将赵景贤 曾两次规舰平望，王永义带兵从盛泽出击，将赵部击退，保证苏浙 道路畅通。盛泽实为太平军的心腹要地。 同治三年(1864 )，太平天国失败后，盛泽乡官沈枝栅、监军 李广亭被清朝处,high
transport_25503ad43bf5a3,交通,general_transport,上海;苏州,swhgz_8ac060901a96,39,九空，多避往上海、苏州。至7 日 夜，浙军撤回王江泾。盛浑开往苏、沪、嘉三处的客轮被军队扣留， 快班航船停驶，交通滞塞，商店关闭，学校放假，邮局的汇兑业务 停顿。 9 月 23 日下午，苏军第二师第五团及军舰2 艘，水警船8,high
transport_1103dc412ac3f8,铁路,rail,,swhgz_8ac060901a96,40,年( 1939 ) 11 月29 日 晨，张鹏飞、沈立群率部三、四百众，潜伏于盛泽、平望间的端宇湖， 在苏嘉铁路第六十二号桥附近埋设地雷。是时，乡保将游击队形 迹密告日军，盛泽、平望日军旋即驰往端宇湖夹击，双方激战历半 小,high
transport_8e1bd873965bf6,铁路,rail,吴江,swhgz_8ac060901a96,40,是时，乡保将游击队形 迹密告日军，盛泽、平望日军旋即驰往端宇湖夹击，双方激战历半 小时之久。所埋地雷爆炸，炸毁铁路。因寡不敌众，游击队向周家 溪东溪港方向撤离。、交战中，双方各有伤亡，有一农民一小孩中流 弹而亡(据((新吴江,high
transport_c6c12880807e00,道路,road,,swhgz_8ac060901a96,47,备，两三年内成绩斐 然，织机向提花、宽阔系列发展。同时配备了相应的络、并、拈设 备，为大幅度增产绝类织物拓宽了道路。1976年绝类织物仅4 个品 种，36 万米J 1979 年增至20 个品种，337 万米，增产8 倍余。经,high
transport_1d76d4d0b9b7c5,运河,waterway,南汇,swhgz_8ac060901a96,55,帮F 按织物花色则分花帮、素帮 两大帮F 按收绸区域则分成南帮(镇南地区)、北帮(镇北地区)及 下塘帮(镇东南运河以东地区，即今嘉兴县田乐、荷花、南汇一带) 三大帮。 按照盛泽地区传统的交易模式，农村机户将织成的绸匹委托 傲,high
transport_848a6fd6dfb610,客运,passenger_transport,,swhgz_8ac060901a96,69,袋运送，专门包雇了两艘邮政快船，分日夜两班开往嘉兴， 再以嘉兴衔接沪杭铁路。 客轮、航船、航快班船 这些船只除客运外兼备丝绸等零星货 运。据民国25 年(1936) 9 月统计，盛泽有运货船13 艘，民国35年 (1946),high
transport_a7e979d643a589,货运,freight_transport,苏州,swhgz_8ac060901a96,69,活快捷9 一夜即可抵达苏州。此类船只航程大致在一 昼夜之内，遍及江浙边境的偏僻小乡镇，将生丝运入盛泽，而将绸 货运出，批量虽小，却弥补了常规水运业的不足。盛泽设立邮局 后，以邮袋运送，专门包雇了两艘邮政快船，分日夜两班开往嘉,high
transport_b020bafeab58ca,客运,passenger_transport,,swhgz_8ac060901a96,70,7 年(1948) 又有茂兴轮自 盛泽通航嘉兴。建国前，盛泽先后有27 艘客轮通航。 此外p 还有航快班船，以客运为主，兼营货运。每船大多可载 客20 人左右、载货20 担左右。据民国25 年(1936)船舶登记，盛 泽有航,high
transport_ce81224f42b03f,货运,freight_transport,,swhgz_8ac060901a96,70,8) 又有茂兴轮自 盛泽通航嘉兴。建国前，盛泽先后有27 艘客轮通航。 此外p 还有航快班船，以客运为主，兼营货运。每船大多可载 客20 人左右、载货20 担左右。据民国25 年(1936)船舶登记，盛 泽有航船35 艘，抗,high
transport_251a249eb9d3a1,道路,road,盛泽镇,swhgz_8ac060901a96,71,乡公路逐条通车，水 上客运萧条，至1986 年轮船客运全部停顿。 第二节陆 :tE 盛泽镇的陆路交通运输，因道路建设受河湖众多的限制，起源 较晚，30 年代始有汽车和火车通行。不久，铁路被日军拆除，仅存 公路运输，且发展缓,high
transport_fa08b378629358,客运,passenger_transport,上海,swhgz_8ac060901a96,71,盛泽 上海一朗外l 盛泽 ;王兴 茂兴 1948年 且运泽一嘉兴 王江泾 建国后，航船快班船运输渐萎缩。因公路客运受遇车地点、班 次限制，轮船仍为客运主要工具，其业务有所发展。除原有盛苏、 盛嘉、盛申等客班轮船外，建华轮船公,high
transport_010f14b3c9bb24,客运,passenger_transport,,swhgz_8ac060901a96,71,兴 1948年 且运泽一嘉兴 王江泾 建国后，航船快班船运输渐萎缩。因公路客运受遇车地点、班 次限制，轮船仍为客运主要工具，其业务有所发展。除原有盛苏、 盛嘉、盛申等客班轮船外，建华轮船公司的苏杭班曾在盛泽停靠。 60年代后,high
transport_86b0fb2768d427,客运,passenger_transport,,swhgz_8ac060901a96,71,装小马力机和小马力机船拖带，县内各乡 镇通航点增加，盛泽可通航至桃源、坛丘、南麻等地。自 70 年代 起，轮船客运量呈萎缩之势。 1980 年后，因镇乡公路逐条通车，水 上客运萧条，至1986 年轮船客运全部停顿。 第二节陆,high
transport_42a160294de564,货运,freight_transport,,swhgz_8ac060901a96,71,行。不久，铁路被日军拆除，仅存 公路运输，且发展缓慢。 1980 年后，发展较快，公路客运逐步代替 轮船客运、货运。 295,high
transport_6ec06b93f75bb5,道路,road,,swhgz_8ac060901a96,72,，金鸡车行5 辆，共27 辆。这些车行经营出租业 务。直至建国初，全镇自行车不足百辆。 1980 年后，因镇乡道路 的改善(1984 年5 月开始建设乡道，1987 年贯通各自然村)，镇区 范围的扩大，自行车已成为人们主要代,high
transport_123724e45bdce9,货运,freight_transport,,swhgz_8ac060901a96,72,"欢迎。""文化大革命""初一度停顿。 1980年后该组实行个 体承包，1988 年，全镇现有三轮车是5 辆。 二、货运 自苏嘉公路通车，始有汽车货运，但由于客车承运行李包裹、 丝绸产品，运费高昂，运输量甚少。直到60 年代，外运",high
transport_d04abf68e56390,货运,freight_transport,,swhgz_8ac060901a96,72,。 1980年后该组实行个 体承包，1988 年，全镇现有三轮车是5 辆。 二、货运 自苏嘉公路通车，始有汽车货运，但由于客车承运行李包裹、 丝绸产品，运费高昂，运输量甚少。直到60 年代，外运的绸缎仍以 291,high
transport_d9f756e4ea08fc,渡口,waterway,,swhgz_8ac060901a96,97,"目，以点缀风景，故名。桥北荡古名红梨荡。红梨亦 成为盛泽别称，柳亚于诗""一水红梨旧梦痕""即是。 1958 年后渡口 始废。 龙庵厂 明朱之蕃未及第时寓此读书。里人卡舜年亦曾读书 于此。 卡舜年《读书龙庵厂》诗云z"" 僧崇明敞",high
transport_60890d8f5c6d66,交通,general_transport,,swhgz_f4a9a18a5f20,17,皖革命老根据 地的重要组成部分。境内千峰竞秀，万壑争流，生物多样，资源丰富，是全国 生态示范县。 解放前在这个交通闭塞的山区，岳西广大人民群众赖以疗疾生存仅依靠 社会上那些中医郎中和部分中药店铺坐堂售药或巡诊乡里，以有限的山,high
transport_bb85394a126f98,公路,road,,swhgz_f4a9a18a5f20,108,（村部） 2 来榜镇南山村卫生室 南山村小学 1 来榜镇斑竹村卫生室 斑竹村五星组 2 来榜镇公路村卫生室 公路村关河桥 1 来榜镇来榜村卫生室 来榜村新华组 1 古坊乡长岭村卫生室 长岭村村部,high
transport_1957e9f9e0f27a,公路,road,,swhgz_f4a9a18a5f20,108,来榜镇南山村卫生室 南山村小学 1 来榜镇斑竹村卫生室 斑竹村五星组 2 来榜镇公路村卫生室 公路村关河桥 1 来榜镇来榜村卫生室 来榜村新华组 1 古坊乡长岭村卫生室 长岭村村部 1 古坊乡,high
transport_4519e9982c4f19,桥梁,bridge,,swhgz_f4a9a18a5f20,109,2 白帽镇马河村卫生室 马河村下河组（村部） 1 白帽镇马山村卫生室 马山村贺屋组 2 白帽镇桥梁村卫生室 桥梁村大屋组麻厂侧面 2 白帽镇深村村卫生室 深村村钟形组 2 白帽镇土桥村卫生室 土,high
transport_29c78283ec5488,桥梁,bridge,,swhgz_f4a9a18a5f20,109,河村卫生室 马河村下河组（村部） 1 白帽镇马山村卫生室 马山村贺屋组 2 白帽镇桥梁村卫生室 桥梁村大屋组麻厂侧面 2 白帽镇深村村卫生室 深村村钟形组 2 白帽镇土桥村卫生室 土桥村河东组（村部,high
transport_beb4b0d25add33,公路,road,,swhgz_f4a9a18a5f20,112,下团村 1 田头乡陈金龙内科诊所 岭后村对门组8 号 1 岩河乡蒋冲村卫生室 蒋冲村海形组岩菖公路交汇处 2 岩河乡转桥村卫生室 转桥村杨湾组6 号 2 岩河乡里仁村卫生室 里仁村徐湾组（村部）,high
transport_fb0647cc9af80b,交通,general_transport,,swhgz_f4a9a18a5f20,217,226 第六章 中医与中西医结合 岳西中医药事业的开展由来已久。建国前这个交通闭塞的大山区，广大人 民群众赖以疗疾生存的仅依靠社会中医，坐堂诊病售药或巡诊乡里，以维系着 人们的生老病死，利,high
transport_e19bfee07b0670,公路,road,,swhgz_f4a9a18a5f20,302,生员个体承包经营的诊所（室）。 第三节 劳保医疗 1956 年后，县药材公司、食品公司、森工局、邮电局、公路管理站、供 电局、车队、毛尖山电站、国防5 厂和长安技校等单位，先后实行劳保医疗制 度，享受劳保医疗的职工，除,high
transport_c0747a9cb7f7b3,交通,general_transport,,swhgz_f4a9a18a5f20,316,明山乡500 户特困户手中。5 月，在县卫生局和 县直有关部门的支持下，配合县交警队成功抢救了我县历史上罕见的交通事故 —“5.17 翻车事故”，使53 名乘客（包括24 名重伤员）安全脱险无一死亡。 1994 年县红十字会,high
transport_86d9b7126a062e,公路,road,,swhgz_f4a9a18a5f20,327,后带教学 徒十余人，现均为中药战线的骨干力量。 杨庚镕 杨庚镕，字化成（1908—1976），本县来榜镇公路村人。 他承袭祖父、父亲之业，自幼随父学习中医，饱读医书，勤于实践，十九 岁正式开始行医。在继承祖辈的临床经验,high
transport_a587d1924459e1,交通,general_transport,,swhgz_f4a9a18a5f20,331,通。临床用药不徇俗好，注重 配伍，诸如临床常用的酸甘化阴，辛甘扶阳，辛开苦泄，升清降浊，消补兼施， 温清并用，交通心肾，引火归元等方药，他将其进一步演变为温阳略加养阴， 补阴常兼益气，疏肝兼理脾胃，养肝兼顾心肾，清滋与辛芳相,high
transport_5051eec3db4391,交通,general_transport,岳西县,swhgz_f4a9a18a5f20,333,防疫站站长，县妇幼保健站副站长、站长、调研 员等职务。 陈惠芬同志在岳西工作的三十一年里，在山区地理环境恶劣，交通极其不 便，信息又十分闭塞的条件下跑遍了岳西的山山水水，走村串户为岳西县的妇 女儿童保健事业的兴起与发展做出了,high
transport_86022ed4b87d28,交通,general_transport,,swhgz_7bb6b2710a31,11,"行新例 , 只略有增册 。有篇目二十 大事记 、天文 、地理 内政 、财政 、司法 、教育 、军备 、水工 、交通 、物产 、农业 、工业 、商业 、社会 、宗教 、 人物 、艺文 、金石 、书画 附目一百五十二 本文从略",high
transport_65e3253d2b7e01,公路,road,,swhgz_32ffc1ff5554,4,以上的约三年二遇。 4B13B2B二、水文、水系、水质 本县境处里下河下游，河渠密布，纵横交错，串场河沿通榆公路，自阜城经 施庄、沟墩长达22 公里，射阳河纵穿全县，通过杨集、硕集、陈良、吴滩等10 个公社流向东北，西南境,high
transport_4964740e9d3ba5,公路,road,,swhgz_32ffc1ff5554,5,除了射阳河、串场河和灌溉总渠 外，境内还有恒河、小中河、民便河、阜坎河等水道，陆路有通榆路、阜淮路， 六〇建益公路，除吴滩、北沙两个公社暂时没有通车外，其余公社都已通车，且 村村都有机车道。 农业机械得到进一步改善，全县各种,high
transport_d65aa1738599ca,交通,general_transport,,swhgz_32ffc1ff5554,5,64 元，比一九五九年增长8.57 倍，递增率9.37%。(详见 表1～2) 农业生产的迅速上升，促进工业与交通运输事业的不断发展。1949 年全县工 业总产值489 万元，到1983 年增加到22817 万元，增加46.,high
transport_c695f1bfd864c2,交通,general_transport,,swhgz_32ffc1ff5554,5,值489 万元，到1983 年增加到22817 万元，增加46.67 倍，占全县工农 业总产值的50.34%，交通运输事业发展也很快，除了射阳河、串场河和灌溉总渠 外，境内还有恒河、小中河、民便河、阜坎河等水道，陆路有通榆路,high
transport_a4fe7ba4c8091f,运河,waterway,,swhgz_32ffc1ff5554,17,射阳河、庙湾(阜 宁城旧称)数百里无有人烟，次年积水仍未消失，此次决口向东南方向淤塞六十 多里。又如道光十一年运河决马蓬湾启放车坝，县境平地水深丈余。由于屡受黄 泛冲积影响，废黄河沿岸地势不断增高，并沿泛流方向，向两侧延伸，,high
transport_40f534ac7e7555,公路,road,,swhgz_32ffc1ff5554,21,高了水位，造成了土壤积盐的条件，芦蒲、古河、杨集、东沟、益林等地，土 质沙性重，目前仍有一定面积的沙碱土。通榆公路以东土体中含有一定量的盐分， 由于一年之内干湿交替，雨季盐碱受降水淋洗，土壤表层发生脱盐，到了冬春季 节，随着,high
transport_00981cd596bbf4,公路,road,,swhgz_32ffc1ff5554,22,自然植被对土壤形成的影响，在盐土区更为明显，通榆公路以东地区土壤因受海 水浸泡，成陆之后为一片海滩不毛之地，在雨量高又集中的有利气候条件下，成 土物质迅速开始脱盐,high
transport_3b9ada27384657,公路,road,,swhgz_32ffc1ff5554,34,表层夹泥和上层复 盖情况，又分为夹泥岗沙土和复盖岗沙土，这两个土种零星分布。 (五)滨海地区，三灶境内靠近通榆公路一带多为油泥土，(地面高程1.5～2 米)从三灶到沟墩，通榆公路以东条带状分布着淀浆土，(地面高程1.5 米以,high
transport_7852908d1e01e6,道路,road,,swhgz_32ffc1ff5554,204,图，由公社水利大队部会同大队水利工程员以及当地的干部、群 众带到实地踏勘、调绘，补充好河网水系、水利工程建筑、道路、桥梁、生 产队界、田块、住宅区域、自然村庄、高程点等地形地物，然后再将补充好 的大队1／5000 地形图进行,high
transport_dabc31f1d34b4d,桥梁,bridge,,swhgz_32ffc1ff5554,204,公社水利大队部会同大队水利工程员以及当地的干部、群 众带到实地踏勘、调绘，补充好河网水系、水利工程建筑、道路、桥梁、生 产队界、田块、住宅区域、自然村庄、高程点等地形地物，然后再将补充好 的大队1／5000 地形图进行汇总，,high
transport_34a7f118acca6f,道路,road,,swhgz_32ffc1ff5554,209,养地，不仅加大了农本，也破坏了土壤生态平衡新情况，及时向领导反应， 县人民政府从保护土地资源出发，走有机农业的道路。于1982 年颁发“关于 积造有机肥促进增产培肥地力的决定”100 号文件，对培肥地力有关问题作 了明确规定,high
transport_a2ba1bc599aa43,道路,road,来安县;来安,swhgz_842a00b22f4b,12,来安县志，全书共十四卷，全面记载 了来安县的建置沿革、疆域星野、山川形势、城池建筑、户口物产、 武备兵防、水利道路桥梁以及学宫书院建置等，特别是较详细地记载 了北宋至清道光历朝历代在来安任职的官员名录，在荐辟和科举中取 得名,high
transport_c2ccba0bf29543,桥梁,bridge,来安县;来安,swhgz_842a00b22f4b,12,县志，全书共十四卷，全面记载 了来安县的建置沿革、疆域星野、山川形势、城池建筑、户口物产、 武备兵防、水利道路桥梁以及学宫书院建置等，特别是较详细地记载 了北宋至清道光历朝历代在来安任职的官员名录，在荐辟和科举中取 得名分的,high
transport_e067889629c09b,渡口,waterway,六合县;江苏;六合,swhgz_842a00b22f4b,61,江北；梁天监二年，魏攻梁⑧，拔大岘三城，白塔、牵城皆溃。魏师进攻 ①形势：地理形势。 ②阻：倚仗。 ③津：渡口。 ④瓜埠：即今江苏六合县东南瓜埠山。古时南临长江，南北朝时屡为兵家必争之地。 瓜埠口为滁河入江口。 ⑤拊：抚,high
transport_74c68f365568ce,驿站,postal/relay,滁州,swhgz_842a00b22f4b,68,东北五十里。宋绍定元年，赵葵守滁，命赵必胜守万山，即此。 有城垒故迹。 ①《州志》：指《滁州志》。 ②铺：邮递驿站。 ③芝：灵芝草。 ④黑：底子，底色。章：花纹。 ⑤以闻：把（这件事）报告给（某人）。,high
transport_e138f26195d038,运河,waterway,天长;来安,swhgz_842a00b22f4b,70,州所由以滁名也。 邑诸水虽无远派，而来安水亦以名县，并其它源流出于县之左右，而 汇于三汊河，及发源县北由天长入运河者，亦不可不详也。缕晰条分 ③，区别如左： 来安水县东三里。其水行沙石间，澄清澈底，一名沙河。源出县北九十里,high
transport_b993ded03f5bc8,运河,waterway,天长县;天长,swhgz_842a00b22f4b,73,水县东北四十五里。源出五湖山北及野塘谷。东北流十五里至丁城， 与白塔水合，又东北入天长县界吉家埠河，注天长河达运河入江。 白塔水县东北五十里白塔镇南。源出赵家港。东流十里入天长县界，注吉 家埠河。 长沟水县北六十里。源出矾山,high
transport_fe159e9fdc1917,运河,waterway,天长,swhgz_842a00b22f4b,73,八十里。源出马岭戚家谷。东南流二十五里，合范庄水入天长 县界，转注吉家埠河，由此过石梁南，会天长河，抵高邮，达运河，入于江。以,high
transport_7b682176a7205c,道路,road,,swhgz_842a00b22f4b,77,，合称廉俸。 ③川堂：天启本作“穿堂”。指供人穿行的厅室。 ④大较：大致情况。 ⑤当：对着。甬道：庭院里正中的道路。 ⑥照墙：也叫照壁。古代房屋的一种附属建筑，在大门外，正对大门。 ⑦廒：储存粮食的仓库。 ⑧县额：指县名。,high
transport_ba72ab6455738a,驿站,postal/relay,,swhgz_842a00b22f4b,79,县王永重修。 嘉庆四年，知县钟希贤修葺前五间；道光元年，知县杨炘修葺后四间。道光七年， ①铺：明清时称邮递驿站为铺。 ②讲约：订约。 ③嗣：接着，不久。 ④请帑：帑，指国库中金钱。请帑，指从官府拨款。 ⑤义仓：地方公共储,high
transport_e346bb054403c1,驿站,postal/relay,来安;滁州,swhgz_842a00b22f4b,82,滁州中把来安独立出来，命名为永阳，使其不再处于“附郭”的地位。 ⑦指撤消县级编制改为镇。 ⑧别：另外。 ⑨驿：驿站。驿路上为投递公文、转运官物及供应来往官员住宿的处所。,high
transport_64960b534e5115,道路,road,,swhgz_842a00b22f4b,95,而索饷之也。”八蜡之名为：一先啬，祭神农；二司啬，祭后稷； 三农，祭古时田官之神；四邮表辍，祭始创田间庐舍、开道路、划疆界之人；五祭猫虎， 因它们吃野鼠野兽，保护了禾苗；六坊，祭堤坊；七水庸，祭水沟；八祭昆虫，以免虫害。 ⑦,high
transport_8a449d3422c948,交通,general_transport,,swhgz_842a00b22f4b,104,蔽。 ②槎枒：即槎牙。错杂不齐的样子。 ③敞：宽阔。 ④檀越：施主。名色：名字、称号。 ⑤四达要冲：通向四方的交通要道。 ⑥置：设置。汛：军队戍防地，作用是传递、报告紧急军情，和瞭望台、烽火台差 不多。,high
transport_1e3ec8f811c4c2,桥梁,bridge,六合,swhgz_842a00b22f4b,114,渡县南四十五里。 石版滩渡县南五十里，即费家渡。 龙王庙渡县南五十里。 张家堡渡县东南七十里，界江浦、六合。 桥梁 安乐桥北门外大街。桥为城北沟渠汇流处，岁久堙塞，近因居民修街兼浚 桥谷，仍旧通流。 太平桥南门内大街。,high
transport_727e5a0d4f4380,桥梁,bridge,,swhgz_842a00b22f4b,115,理。 ①砂：字或作“沙”。见下文王琮《培补地脉禀呈》。 ②向来：以前，先前。 ③桥工岁修田：指田赋用来支付每年桥梁修补费用的田地。,high
transport_60430a45f1916f,驿站,postal/relay,,swhgz_842a00b22f4b,119,官之家，享有免役免税等特权。军户：编入军籍的人户。其子孙也必 须入军户，世代为兵。打捕户：猎户。站户：世代充当驿站士卒的人户。僧户： 指隶属于僧官的人户。 ②成丁：成年人，指二十岁以上。 ③杂役户：指前力士户、打捕户等人户。,high
transport_b8de8de242044a,驿站,postal/relay,,swhgz_842a00b22f4b,134,其 四差皆于秋粮外另派，所谓力役之征也。弘治十八年，应天巡抚欧阳铎议以三事 ①铺司兵：指铺司和铺兵。即邮递驿站的管理人员和役吏。 ②银差：指应役户以银代役。银差名目很多，一般有岁贡、马匹、草料、牌坊、 柴薪、斋夫折价等等,high
transport_bb2f855f2ae414,交通,general_transport,,swhgz_842a00b22f4b,163,甲”，对应言之。 ②苏：在困难中得到解救。大工：指修建宫殿。 ③返逃亡：使逃亡的人返回家园。 ④冲：四通八达的交通要道。 ⑤租庸调：唐前期赋役制度的田租、力庸、户调的简称。 ⑥较然甚判：区别是很明显的。 ⑦寖：通“浸。”渐渐,high
transport_11dd453d2229f4,码头,waterway,南通,swhgz_842a00b22f4b,212,勘覆，至日核详檄图存。 雍正十一年八月二十二日批，署理江南通省驿传盐法道张，为因地以求水泉等事， ①马头：码头。 ②廉：查访。舆：疆土。这里指地形、地势。 ③宪台：封建时代属吏对上司的称呼。,high
transport_b019718cf580a9,交通,general_transport,,swhgz_842a00b22f4b,245,事文书。因上插有羽毛作为标志， 故名。现指由驿站传递的公文。医兽：即兽医。 ⑤更：更改、更动。 ⑥冲要之路：指交通要道。 ⑦邮驿：传递公文的场所，即前文所说的铺递。通典：通用的法典，准则。,high
transport_2bea16e711e7cd,桥梁,bridge,颍州;六合,swhgz_842a00b22f4b,247,自滁阳驿历本县以至六 合，其程足有一百三十里之远；自滁阳历本县水口集以至六合，其程仅有一百一 十里之近。且其间桥梁官渡市集居舍靡不周备，乃商贾往来之通衢也。嘉靖三十 五年八月内，卑职申蒙抚按批行颍州兵备道佥事许案行本州与六合,high
transport_2f485cd9047757,桥梁,bridge,,swhgz_842a00b22f4b,286,。嘉靖六年崇祀名宦 ④。《明一统志》 蒋居仁字安道，泰兴人，至正六年任。精于吏治，民乐其政。凡 学校、祠宇、桥梁、靡不营建。《明一统志》 明 徐士禄，湖广随州举人，永乐元年任。律已严正，勤以任事，慈 ①泰定二年，天,high
transport_53b2f3d5631e5e,运河,waterway,江苏省;江苏,swhgz_842a00b22f4b,291,称颂循吏的典故。 ②河：黄河。清河：疑应为“清江”。明代设有总督河道都御使，清代设江南河道 总督，掌管黄、淮、运河的堤防疏浚，驻清江浦（今江苏省清江市）。稔：熟悉。 坐名请调：奏请朝廷调任。 ③走台使控留不得：意为向上级请求,high
transport_666c180f3fa421,运河,waterway,扬州,swhgz_842a00b22f4b,376,周氏卜葬地，语人曰：“此地佳， 不出十年必捷一武魁，然不克寿 ⑥。”乾隆乙酉，周家宾果中武举。及 北上没于扬州运河，并如其言。 汪大用字德周，庠生。精医术，晚年尤善调摄 ⑦，面有童颜，寿 八十六。子赞，庠生。弼谐，授训科。皆,high
transport_48c6ea99a0689b,交通,general_transport,,swhgz_842a00b22f4b,431,京之美人兮，欻遐征 ①区区：自得的样子。程：显示。轩轾：轻重、高低。 ②勖：勉励。余吾：古水名、汉时为南北交通要道。渥洼：水名，《史记·乐书》 载“尝得神马渥洼水中”，后也以渥洼为神马的典故。 ③宝历：国祚，即封建王朝统,high
transport_34a312a039d89b,道路,road,,swhgz_842a00b22f4b,432,紫薇，泉名，在醉翁亭东。 ⑦巉岩：险峻的山峰，这里是形容醉翁亭的飞檐。龙虬：即虬龙，为押韵而倒置， 形容弯曲的道路。 ⑧砚：砚山，在湖北襄阳县南，东晋羊祜镇守襄阳时，尝登山置酒言咏。醉白堂： 北宋韩琦曾在宅园内池上筑堂，取名,high
transport_0dac883fa50837,道路,road,,swhgz_842a00b22f4b,462,崇之。若殿、若庑、 若门、若池、若桥、若崇圣宫、若明伦堂、若尊经阁、若魁阁、 若正副学署，咸以次修举，下至阶除道路 ①，罔弗治。凡撤其旧而 更新者，盖十之八九焉。又以棂星门外地势涣迤，大成坊及两耳 坊远不相属，亦形家所忌 ②,high
transport_32bee73e39be4d,交通,general_transport,来安县;来安,swhgz_842a00b22f4b,465,用作有关教育的典故。菁菁：茂盛的样子。莪：萝蒿。 ①主斯席者：指山长。训迪：训导启迪。 ②委：未尾。 ③管键：交通要道，枢纽。 ④杠梁：桥。 ⑤岭南伍公：伍士超，广东新兴人，进士，嘉庆十一年任来安县令。 ⑥叶榆杨公：杨炘，云,high
transport_a7ee63734455f9,公路,road,,swhgz_004a021677a6,403,民族资本企业的兴起和发展 五、新式交通和邮电事业的开办 (一)轮船的通航 (二)铁路的修筑 (三)马路和公路的开辟 (四)邮政、电报、电话业务的发展 六、市镇的兴衰存废 (一)市镇概况 (二)旧有市镇的发展 (,high
transport_4da01e8d9906b4,铁路,rail,,swhgz_004a021677a6,403,督商办企业的设立 (三)民族资本企业的兴起和发展 五、新式交通和邮电事业的开办 (一)轮船的通航 (二)铁路的修筑 (三)马路和公路的开辟 (四)邮政、电报、电话业务的发展 六、市镇的兴衰存废 (一)市镇概况,high
transport_cc15f65e7c2da9,交通,general_transport,,swhgz_004a021677a6,403,生和发展 (一)外资企业的创办 (二)官办和官督商办企业的设立 (三)民族资本企业的兴起和发展 五、新式交通和邮电事业的开办 (一)轮船的通航 (二)铁路的修筑 (三)马路和公路的开辟 (四)邮政、电报、电话业,high
transport_91498d77796500,道路运输,road,江苏省;江苏,swhgz_4156be344675,1,20100810版本 《江苏省交通志·公路篇》 （1978-2008） 第三章 道路运输（征求意见草稿） 《江苏省交通志·公路篇》编写组 二 年八月 前 言 根据江苏省人民政府办公厅《转发省地方志,high
transport_35f6e54ba86228,道路运输,road,江苏省;江苏,swhgz_4156be344675,1,案的通知》（苏政办发［2008］96号）及《江苏省实施 我省新一轮地方志及交通运输志的编写工作已经正式开始，道路运输部分则是交通运输志编写的重要内容。 改革开放30年以来，江苏省道路运输业得到了快速发展 长途客运快捷舒适、城,high
transport_87c3c963cf085c,道路运输,road,江苏省;江苏,swhgz_4156be344675,1,方志及交通运输志的编写工作已经正式开始，道路运输部分则是交通运输志编写的重要内容。 改革开放30年以来，江苏省道路运输业得到了快速发展 长途客运快捷舒适、城市公交四通八达、农村客运方便出行，道路运输行业整体结构进一步优化、“三,high
transport_8a046a27ff3ba8,道路运输,road,江苏省;江苏,swhgz_4156be344675,1,改革开放30年以来，江苏省道路运输业得到了快速发展 长途客运快捷舒适、城市公交四通八达、农村客运方便出行，道路运输行业整体结构进一步优化、“三个服务”能力进一步增强、管理水平进一步提高，初步实现了我省从运输大省向运输强省的迈,high
transport_ff364267dcb5dd,道路运输,road,江苏,swhgz_4156be344675,1,构进一步优化、“三个服务”能力进一步增强、管理水平进一步提高，初步实现了我省从运输大省向运输强省的迈进。 江苏道路运输业在1978至2008年的三十年发展过程中，先后经历了初步发展、整顿提高和全面协调发展三个阶段。 一、初步发展,high
transport_011ec67701e05e,公路,road,江苏省;江苏,swhgz_4156be344675,1,20100810版本 《江苏省交通志·公路篇》 （1978-2008） 第三章 道路运输（征求意见草稿） 《江苏省交通志·公路篇》编写组 二 年八月,high
transport_cd98ceb8e6ea62,公路,road,江苏省;江苏,swhgz_4156be344675,1,10版本 《江苏省交通志·公路篇》 （1978-2008） 第三章 道路运输（征求意见草稿） 《江苏省交通志·公路篇》编写组 二 年八月 前 言 根据江苏省人民政府办公厅《转发省地方志编纂委员会办公室第二轮江苏省志编纂工作,high
transport_f80ca2c6a4a98a,公路,road,,swhgz_4156be344675,1,一步优化，运输行业形象进一步提升。 为了搞好交通运输志道路运输部分的编写工作，在省交通运输厅编史办和运管局、省公路学会的关心与支持下，编写组同志积极开展了资料的收集和调研工作，通过查阅档案文件、网络搜索与下载、召开座谈会、走,high
transport_205cc5525d43ee,公路,road,南京市;江苏省;江苏;南京,swhgz_4156be344675,1,修改和完善过程中予以充实和提高。 修改意见和补充资料请发至以下联系方式： 联系单位：南京市石鼓路69号 江苏省公路学会 联系人：金明新 电子信箱：jinmx46 com 联系电话：025-84209310 13605178,high
transport_718410e1ed706b,道路,road,江苏省;江苏,swhgz_4156be344675,1,20100810版本 《江苏省交通志·公路篇》 （1978-2008） 第三章 道路运输（征求意见草稿） 《江苏省交通志·公路篇》编写组 二 年八月 前 言 根据江苏省人民政府办公厅《转发省地,high
transport_54fb49fbb761c5,道路,road,江苏省;江苏,swhgz_4156be344675,1,案的通知》（苏政办发［2008］96号）及《江苏省实施 我省新一轮地方志及交通运输志的编写工作已经正式开始，道路运输部分则是交通运输志编写的重要内容。 改革开放30年以来，江苏省道路运输业得到了快速发展 长途客运快捷舒适,high
transport_ae14f80e0317ee,道路,road,江苏省;江苏,swhgz_4156be344675,1,方志及交通运输志的编写工作已经正式开始，道路运输部分则是交通运输志编写的重要内容。 改革开放30年以来，江苏省道路运输业得到了快速发展 长途客运快捷舒适、城市公交四通八达、农村客运方便出行，道路运输行业整体结构进一步优化、,high
transport_527fa1633b4bcc,道路,road,江苏省;江苏,swhgz_4156be344675,1,改革开放30年以来，江苏省道路运输业得到了快速发展 长途客运快捷舒适、城市公交四通八达、农村客运方便出行，道路运输行业整体结构进一步优化、“三个服务”能力进一步增强、管理水平进一步提高，初步实现了我省从运输大省向运输强省,high
transport_58a82828a7638f,道路,road,江苏,swhgz_4156be344675,1,构进一步优化、“三个服务”能力进一步增强、管理水平进一步提高，初步实现了我省从运输大省向运输强省的迈进。 江苏道路运输业在1978至2008年的三十年发展过程中，先后经历了初步发展、整顿提高和全面协调发展三个阶段。 一、初步,high
transport_39944186ae38d1,客运,passenger_transport,江苏省;江苏,swhgz_4156be344675,1,式开始，道路运输部分则是交通运输志编写的重要内容。 改革开放30年以来，江苏省道路运输业得到了快速发展 长途客运快捷舒适、城市公交四通八达、农村客运方便出行，道路运输行业整体结构进一步优化、“三个服务”能力进一步增强、管理,high
transport_fdc9a97833ba31,客运,passenger_transport,江苏省;江苏,swhgz_4156be344675,1,写的重要内容。 改革开放30年以来，江苏省道路运输业得到了快速发展 长途客运快捷舒适、城市公交四通八达、农村客运方便出行，道路运输行业整体结构进一步优化、“三个服务”能力进一步增强、管理水平进一步提高，初步实现了我省从运输,high
transport_0bead1d9815fd0,客运,passenger_transport,,swhgz_4156be344675,1,划，扩大指导性计划和市场调节范围，将全省道路客货运输以及汽车维修业务等先后引入市场。放宽搞活的政策实施后，全省客运量、旅客周转量、货运量、货物周转量等运输指标每年均以11％以上的速度迅速增长。 二、整顿提高阶段 随着开放深,high
transport_3224ce4fc201f3,客运,passenger_transport,,swhgz_4156be344675,1,运输市场发展，运道路输行业也出现了“各自为政、各行其是、鱼龙混杂”现象。1989年7月，省厅下发《关于认真做好客运市场的清理整顿工作的通知》，决定在全省范围内开展清理整顿工作。运用经济和行政手段，规定了各类运输业户的经营范围,high
transport_afb1bd68756a3a,客运,passenger_transport,,swhgz_4156be344675,1,临着前所未有的发展机遇。我省通过积极实施结构调整工程，推进运输结构的优化和调整；实施惠农便民工程，大力推进城乡客运一体化进程；实施科技创新工程，开发建成全省道路客运综合信息服务系统，积极拓展道路客运联网售票系统功能，加快推进,high
transport_c125452f3809a3,货运,freight_transport,,swhgz_4156be344675,1,理竞争，使出行难、运货难的矛盾得到一定缓解。三是逐步缩小指令性计划，扩大指导性计划和市场调节范围，将全省道路客货运输以及汽车维修业务等先后引入市场。放宽搞活的政策实施后，全省客运量、旅客周转量、货运量、货物周转量等运输指标每,high
transport_bb4d3319840338,货运,freight_transport,,swhgz_4156be344675,1,市场调节范围，将全省道路客货运输以及汽车维修业务等先后引入市场。放宽搞活的政策实施后，全省客运量、旅客周转量、货运量、货物周转量等运输指标每年均以11％以上的速度迅速增长。 二、整顿提高阶段 随着开放深入和运输市场发展，运,high
transport_f6f67733e9f447,货运,freight_transport,,swhgz_4156be344675,1,了翻天覆地的变化，服务社会主义新农村建设、服务国民经济和社会发展和服务人民群众安全便捷出行的能力进一步增强，客货运输、机动车维修、驾驶员培训方面的行业整体结构进一步优化，运输行业形象进一步提升。 为了搞好交通运输志道路运输部,high
transport_4444f85323e776,交通,general_transport,江苏省;江苏,swhgz_4156be344675,1,20100810版本 《江苏省交通志·公路篇》 （1978-2008） 第三章 道路运输（征求意见草稿） 《江苏省交通志·公路篇》编写组 二,high
transport_4470951cade0f4,交通,general_transport,江苏省;江苏,swhgz_4156be344675,1,100810版本 《江苏省交通志·公路篇》 （1978-2008） 第三章 道路运输（征求意见草稿） 《江苏省交通志·公路篇》编写组 二 年八月 前 言 根据江苏省人民政府办公厅《转发省地方志编纂委员会办公室第二轮江苏省志,high
transport_d45227d7d1c504,交通,general_transport,江苏省;江苏,swhgz_4156be344675,1,员会办公室第二轮江苏省志编纂工作方案的通知》（苏政办发［2008］96号）及《江苏省实施 我省新一轮地方志及交通运输志的编写工作已经正式开始，道路运输部分则是交通运输志编写的重要内容。 改革开放30年以来，江苏省道路运输业,high
transport_c617be8b40d55d,交通,general_transport,江苏省;江苏,swhgz_4156be344675,1,办发［2008］96号）及《江苏省实施 我省新一轮地方志及交通运输志的编写工作已经正式开始，道路运输部分则是交通运输志编写的重要内容。 改革开放30年以来，江苏省道路运输业得到了快速发展 长途客运快捷舒适、城市公交四通八,high
transport_cfdb9fb3865c87,交通,general_transport,江苏,swhgz_4156be344675,1,发展三个阶段。 一、初步发展阶段 1978年，党的十一届三中全会胜利召开，开启了我国改革开放历史新时期。江苏交通运输业也进入初步发展时期。为促进道路运输业的发展，国家提倡“有河大家走船、有路大家走车”，实行“各部门、各地区,high
transport_47a9f66693861c,公路,road,江苏省;江苏,swhgz_4156be344675,2,年八月 《江苏省交通志·公路篇》（1978-2008） 道路运输 目 录 第一节 道路运输管理 一、道路运输管理机构 二、道路运输市场管理,high
transport_b3b75305ea4d7c,货运,freight_transport,,swhgz_4156be344675,2,汽车） 三、农村公共汽车客运（增加） 四、主要客运站场与建设（修改） 五、主要客运企业 第三节 道路货物运输及货运场站 一、普通货物运输（含零担货物运输、货物搬运业、集装箱货物运输、快速货运） 二、危险货物运输 三、第三方物,high
transport_53a454449edbf0,货运,freight_transport,,swhgz_4156be344675,2,要客运企业 第三节 道路货物运输及货运场站 一、普通货物运输（含零担货物运输、货物搬运业、集装箱货物运输、快速货运） 二、危险货物运输 三、第三方物流 四、主要货运场站与建设（修改） 五、主要货运企业 第四节 机动车维修与驾,high
transport_3f56ad6469de40,桥梁,bridge,,swhgz_4156be344675,7,辆生产、销售企业不得销售不符合国家标准强制性规定的车辆。超限运输车辆不得在有限定标准的公路行驶。超过公路、公路桥梁限载标准确需行驶的，应当经交通主管部门批准，并按要求采取有效的防护措施。收费公路收取货运车辆通行费可以采取计重,high
transport_97ac33d741c6a7,京杭运河,waterway,,swhgz_4156be344675,9,交通运输体系，重点建设方便快捷舒适的客运体系和快速高效低成本的货运体系，集中构建沪宁、沿江、沿东陇海、沿海、沿京杭运河、徐宿淮盐和徐宁杭“三纵四横”七大运输通道，加快形成面向国际及省外的广域交通体系和省内区域之间的网络化交通体系,high
transport_30b3bccb207380,铁路,rail,扬州;南通;南京;镇江;淮安,swhgz_4156be344675,9,纽，建设苏州、无锡、镇江、南通、扬州、淮安等区域性交通运输中心。同时，加强城市交通枢纽节点建设，注重区域公路、铁路、港口和城市公共交通的衔接，促进各种运输方式高效衔接、换乘便捷。 2006年7月 针对南京现有8个客运站存在着,high
transport_b361bbd4483b50,铁路,rail,,swhgz_4156be344675,9,输枢纽布局规划》显示，179个分布于各重要节点城市的国家公路运输枢纽，将覆盖全国主要港口、大中型枢纽机场及重要铁路枢纽。通过公路枢纽与高速公路网的衔接，将实现客运的“零距离换乘”和物流过程的“无缝衔接”，有助于充分发挥公路运,high
transport_92596a23803f38,运河,waterway,,swhgz_4156be344675,9,运输体系，重点建设方便快捷舒适的客运体系和快速高效低成本的货运体系，集中构建沪宁、沿江、沿东陇海、沿海、沿京杭运河、徐宿淮盐和徐宁杭“三纵四横”七大运输通道，加快形成面向国际及省外的广域交通体系和省内区域之间的网络化交通体系,high
transport_f113f78000f2b5,码头,waterway,南京市;南京,swhgz_4156be344675,18,编辑、线路编辑等功能。 2006年 南京交通主枢纽指挥中心正式建成。该中心集成了南京市交通系统各单位的场、站、码头等重要部位的视频信号，并通过此中心实现对全市各客运站、客运违章多发地段、汽车轮渡等进行全方位视频监控，为突发事,high
transport_d0a7d6adbd3f9e,铁路,rail,无锡,swhgz_4156be344675,24,路客运站推出新举措，从3月9日起无锡汽车站等开始发出沪宁线夜间班车，改变了市民长期晚间出行只乘火车的习惯。由于铁路沪宁车次在19：00－21：00这一段时间是真空期，经过调查研究，无锡汽车站及时作出班次调整，满足广大市民出行,high
transport_ff2abf8e66f76e,铁路,rail,盐城;无锡,swhgz_4156be344675,36,面积为2 58万平方米，旅客最高日发运量达2万人次，和盐城火车站一起形成了新的综合交通运输枢纽，实现了公路、铁路和城市客运的“零换乘”。 2008年12月20日 无锡四大工程之一的汽车西站项目正式开工。无锡汽车西站新址选于,high
transport_5c1f31660bfaa6,桥梁,bridge,苏州市;苏州,swhgz_4156be344675,40,行业协会一苏州市搬家运输服务行业协会经苏州市民政局批复成立。该协会将在运输行业管理与会员单位之间起到信息沟通的桥梁作用，能够向运输行业管理部门报告行业市场生产问题，举报“黑车”市场、非法经营单位和不正当竞争势力，促进苏州市搬,high
transport_959d72034d90bb,铁路,rail,,swhgz_4156be344675,41,办法》，自1999年11月起实施。集装箱汽车运输是指采用汽车承运装货集装箱或空箱的过程，运输方式是指港口码头、铁路车站集装箱的集疏运输或门到门运输和公路直达集装箱运输。《管理办法》分总则、开业条件、申请与审批、营运管理、收费,high
transport_c580f988bf3c7e,码头,waterway,,swhgz_4156be344675,41,输管理办法》，自1999年11月起实施。集装箱汽车运输是指采用汽车承运装货集装箱或空箱的过程，运输方式是指港口码头、铁路车站集装箱的集疏运输或门到门运输和公路直达集装箱运输。《管理办法》分总则、开业条件、申请与审批、营运管理,high
transport_02397f316abb7f,道路,road,,swhgz_321865661e46,2,新中国建立后，县境实行了“土地改革”，“耕者有其田”，生产力得到了极大的解放。接着，农业走上了社会主义集体化道路，大搞农田基本建设，大兴水利，使防洪防涝能力逐年增强。50年代，开始围湖造田，扩大了耕地面积。60年代，提倡科,high
transport_1c7f5a9d003346,码头,waterway,枞阳镇;枞阳,swhgz_321865661e46,2,力地打击了敌、伪、顽的反动势力；解放战争中，“百万雄师过大江”，枞阳镇成为解放军中线指挥部，县属江心洲和沿江各码头均成为解放军的起渡点。 枞阳人民具有悠久的革命传统。早在隋朝，李英林起兵于枞阳，声势浩大，与隋王朝进行了殊死的,high
transport_db9fe603cd2b3e,交通,general_transport,桐城县;安庆;桐城,swhgz_321865661e46,2,5个支部 。次年8月，成立了中共桐城县委，下辖区委3个 、桐、枞、庐地区共产党的活动中心，浮山中学成为秘密交通站，会圣岩吴富之家成为中共县委机关。民国19年，中共安庆中心县委在会宫召开了8县联席会议后，枞桐地区掀起了武装,high
transport_fdcd596535f4f0,公路,road,,swhgz_321865661e46,3,元，农村储蓄余额4115 7万元。 随着农、工、商贸各业的振兴，交通、邮电事业日新月异。至1989年止，县有公路46条，总长度484 7公里。其中省道5条、县道11条、乡道30条。全县除江心洲外，各乡镇均已通车。全县42,high
transport_ff3b31d2782554,码头,waterway,安徽省;枞阳镇;枞阳;安徽,swhgz_321865661e46,3,场，其中灰包咸蛋出口在安徽省同行业中，独享产品免检信誉。 县境商业由于水域的优势，自古以来就很发达。集镇多为水码头，货物运输十分方便。其中，枞阳镇古为舒口，为舒、庐、潜、怀、太、岳等县的漕米和货物的集散地；汤沟为桐东首镇；石,high
transport_e2570a448bdf45,交通,general_transport,,swhgz_321865661e46,3,，另有保险支公司1个；城镇储蓄余额5138万元，农村储蓄余额4115 7万元。 随着农、工、商贸各业的振兴，交通、邮电事业日新月异。至1989年止，县有公路46条，总长度484 7公里。其中省道5条、县道11条、乡道30,high
transport_d9582897c0f886,码头,waterway,枞阳镇;枞阳,swhgz_321865661e46,6,并建房，开办“民生渔牧养殖公司”。 是年，枞阳镇首号商铺贺福兴油铁店开业。资金为白银2万两。 是年，桂家坝水运码头成为外商货轮货物集散地。 是年，清末举人南乡李光炯创办李氏私立小学，民国16年改为公立宏实小学。 民国2年,high
transport_b50c2e28239343,码头,waterway,枞阳镇;枞阳,swhgz_321865661e46,6,镇建立基督教堂——中华圣公会枞阳三德堂。 民国5年 白鹤峰乡村师范学校学生，为征收出境粮食特捐，与粮商在枞阳码头发生纠纷，校长许和济出走，学校一度停课。 民国6年 江心、崇文、汆水、凤凰、玉板等洲陆续露出水面。 枞阳镇以,high
transport_6f238fa2ee853b,公路,road,安徽省;安徽,swhgz_321865661e46,7,岭一带，杀害妇女儿童4名；25日，日机5架轰炸会宫、龙桥一带。 是月，汤沟日军强迫陈家洲农民修汤沟至桂家坝军用公路，长7 5公里。 4月，安徽省国民政府主席李品仙集结重兵进攻皖中抗日根据地。中共桐怀潜中心县委带领干部、群众,high
transport_55248ad914e6cf,码头,waterway,安徽省;安徽,swhgz_321865661e46,8,桐庐县人民民主政府成立，县委书记马力、县长程继贤。 是年，经国民党安徽省航管部门批准，撤扫帚沟和新开沟两地小轮码头，设大砥碚小轮码头。 中共先后建立了县武装工作队、桐庐县基干团等军事组织。 民国37年 元月，桐庐县独立团成,high
transport_adc4964c277b23,公路,road,,swhgz_321865661e46,9,始。是日夜，在陈家洲对面江中，缴获国民党军舰1艘。 4月23日，县境解放军全部渡过长江。在渡江战役中，全县抢修公路89公里，建桥梁50余座，收集船只1922艘，供应军粮270余万公斤、军鞋54600余双，出动民工18000人,high
transport_10cce03a1cdc01,公路,road,安徽省;枞阳镇;安庆;枞阳;安徽,swhgz_321865661e46,9,共安庆地委、安徽省委先后批转在全省范围内学习、贯彻。 是月，县农场培育岱字棉，亩产籽棉205公斤 汤沟至桂家坝公路修成通车，县第一辆货车 开始运营。 9月，县在枞阳镇召开物资交流大会，成交额达116,high
transport_6ce886036eef3b,桥梁,bridge,,swhgz_321865661e46,9,家洲对面江中，缴获国民党军舰1艘。 4月23日，县境解放军全部渡过长江。在渡江战役中，全县抢修公路89公里，建桥梁50余座，收集船只1922艘，供应军粮270余万公斤、军鞋54600余双，出动民工18000人；牺牲船工25人,high
transport_58fb391e781f34,公路,road,枞阳县;枞阳,swhgz_321865661e46,10,医诊所成立。 7月1日，湖东县改名枞阳县。 8月，县贯彻国家颁布的《兵役法》，实行义务兵役制。 10月，桐 公路破土动工；1957年3月完工，“五一”通车。 11月5日，国务院赠送枞阳县7部收音机，县政府分别转赠陈洲区7个,high
transport_9071cbd68118ac,交通,general_transport,,swhgz_321865661e46,10,水利、鱼场、草场等问题的协议。翌年4月13日，湖东县、无为县和普济圩农场三方代表会议在农场召开，进一步就水利、交通、土地、鱼、草等问题达成协议。11月12～16日，县委召开三级干部会，传达“关于党在过渡时期总路线、总任务”和,high
transport_50f8d24df95747,交通,general_transport,,swhgz_321865661e46,10,县第一次进行选民登记并选举代表。 4月13日，湖东县、无为县和普济圩农场三方代表会议在农场召开，进一步就水利、交通、土地、鱼、草等问题达成协议。 5月1日，湖东县第一届运动会在汤沟镇人民广场举行，300多名运动员参加。 6月,high
transport_ba71a9ec2cf853,交通,general_transport,,swhgz_321865661e46,12,2月9日，县革命委员会成立后，县直机关精简合并为10个服务站 毛泽东思想宣传、农林、粮油棉、工业、水电、邮电交通、财政金融、文教、卫生、人民生活 。 是年，县内所有学校、文化机关由“军宣队”、“工宣队”、“贫宣队”进驻。,high
transport_5270ec14beeb73,航运,waterway,,swhgz_321865661e46,14,7 5万元。 4月17日，仪山公社船工钱叶刚违章驾驶12马力挂机船航行，在长江下游白茆水道与四川省石柱县西沱航运公司石柱三号船队碰撞，死12人。 5月1日，县实行财政包干，确定基数，收支包干，3年不变。 5月12日，县党史,high
transport_f29855463744f2,客运,passenger_transport,枞阳县;枞阳,swhgz_321865661e46,14,大堤安全措施。 是月，省长王郁昭、副省长苏桦来枞阳县视察灾情。 是月，县车队、县搬运公司分别购置客车2辆，投入客运，打破客运市场独家经营局面，展开市场竞争。 8月上旬，县委、县政府召开生活救灾工作会议。据统计，全县受灾面积达,high
transport_89a60655e30d0c,客运,passenger_transport,枞阳县;枞阳,swhgz_321865661e46,14,施。 是月，省长王郁昭、副省长苏桦来枞阳县视察灾情。 是月，县车队、县搬运公司分别购置客车2辆，投入客运，打破客运市场独家经营局面，展开市场竞争。 8月上旬，县委、县政府召开生活救灾工作会议。据统计，全县受灾面积达59 3,high
transport_dbc46534dba0ca,货运,freight_transport,枞阳,swhgz_321865661e46,18,商场 。新辟的农贸市场、凤凰山小百货市场日交易额20万元左右。陆运有桐枞、安枞公路通向各地；水运沿江有小轮客货运码头4个，枞阳河可往菜子湖沿岸各埠，交通四通八达。 镇境文物古迹有汉武帝射蛟台、落箭墩；晋枞阳令陶侃的洗墨池、,high
transport_0ec589c6b1755d,货运,freight_transport,贵池;安庆;桐城;黄山;庐江,swhgz_321865661e46,19,。 镇对外交通方便，枞汤、汤桂公路可达安庆、桐城、合肥、贵池、黄山、庐江等地。1989年有社会车辆800台，客货运输能力较强。 镇内文化教育源远流长，清代刘大櫆、姚鼐、刘开先后收徒讲学于陈家洲，史炳荣创办丰乐书院于汤家沟。1,high
transport_7e84c537d16ea3,航运,waterway,,swhgz_321865661e46,20,配、粮油加工等企业。1989年，全区工农业总产值2133 7万元。 区内有枞桐公路贯穿，乡乡有公路可通。水上航运可通菜子湖沿岸各埠。 区内有电影院4座、文化站1个、中学4所、小学2l所、卫生院3所、卫生室19个。古文化遗址,high
transport_02b900b3d78778,航运,waterway,,swhgz_321865661e46,22,86 86万元。重点矿产为大理石，蕴藏丰富，约8亿吨。 交通方便，枞铜公路穿过其境，沿江码头有4座 ，内河航运可通白荡湖畔各集镇。 全区有电影院6座、文化站1个、中学5所、小学58所、卫生院5所、卫生室58个。该区文物古,high
transport_ea14b782c9bd7d,渡口,waterway,,swhgz_321865661e46,26,境为712平方公里；湖体安全容量为2 07亿立方米，水位13米。北有3条河流入湖：罗昌河，自七桥水库至乌金渡渡口，全长47 8公里，流域面积477平方公里，汛期流量790立方米／秒；钱桥河，源于祖庄水库，水流与罗河汇合，,high
transport_8728271fe27119,道路,road,,swhgz_321865661e46,29,22万亩，其中城镇建设用地2700亩，农村居民宅基地19万亩，工矿企业用地1 交通建设用地 1949年前农村道路用地约4000多亩。新中国建立后，交通建设用地总面积1 8万亩，其中公路建设用地3300亩，港口码头建设用地,high
transport_dd0278dab03335,道路,road,,swhgz_321865661e46,35,民经过“减租减息”和“土地改革”运动，生产积极性空前高涨。在互助组、合作社、人民公社期间，农民走上社会主义集体道路，大搞农田基本建设，兴修水利，逐步提高防洪防涝能力。50年代起，县境大规模围湖造田，扩大耕种面积，1967年可,high
transport_26034b49ad165c,道路,road,,swhgz_321865661e46,35,39人；农田基本建设日臻完善，粮食生产逐年增长。80年代，因农村经济建设规模不断扩大，乡镇工业、新建农宅、交通道路等项建设，占用了大量土地，土地平均年递减在2000亩左右。为解决人多地少问题，县境农作物复种指数每年均有增长，,high
transport_1ee4a2b434416a,道路,road,,swhgz_321865661e46,36,业生产，改革生产工具，抗御自然灾害，1951年春，县人民政府按照“自愿互利、典型示范”的原则，鼓励农民走集体化道路。汤沟区大新乡农民钱常山、杨柳青率先成立第一个常年互助组，继而全县成立临时互助组972个、常年互助组27个，入,high
transport_38f45047412909,桥梁,bridge,,swhgz_321865661e46,42,为主的县、区、乡三级植物保护系统，农资部门也及时向农民提供新型灭虫农药及机械。1983年，以县站为中心、区站为桥梁、乡村技术员为纽带的植保网络基本形成，能及时把病虫害测报信息、防治措施传递给农民，并能及时指导农民掌握防治病虫,high
transport_4b30226c5db9e4,渡口,waterway,,swhgz_321865661e46,53,小街头。1957年冬兴建，长3l米，净宽2 5米，排水流量4立方米／秒，排灌3300亩。 东泄洪闸 位于虾溪渡口边。1956年冬兴建，长11米，宽2米，高2 5米，排水流量4立方米／秒，排灌4000亩。1969年5月，连,high
transport_7509848b786462,客运,passenger_transport,安徽,swhgz_321865661e46,66,建造木货船、水泥船和改造各类钢质船舶，先后建造了100吨级驳船38艘、旅游船4艘、拖轮10艘、航监艇4艘及各种客运渡船、航标船、挂机船40余艘，修理了大小钢质船舶100余艘。1988年，试制成功“安徽8号”港航监督艇，填补了,high
transport_f334fd0b569a1f,航运,waterway,枞阳,swhgz_321865661e46,69,湖连成一片；大沙河、练潭河、挂车可、龙眠河、孔城河、杨湾河、义津河、官桥河水，经枞阳河出口入江。新中国建立前，航运船舶可抵练潭、金神、高河、青草塥、双店、孔城、杨湾、义津、官桥各镇；1958年前夏秋季节，河湖之中可行30吨木,high
transport_a9340dd2801b8d,航运,waterway,安徽省;枞阳;安徽,swhgz_321865661e46,69,帮”势力较大，把持了搬运市场。抗日战争期间，小火轮由安徽省公路局经营，途经枞阳港停靠。1949年5月，人民政府航运部门在洋棚设立了小轮码头。1956年，小轮码头迁至下枞阳。1964年，小轮码头迁至关帝庙下。 上枞阳码头 新中,high
transport_d3e52758775cb8,货运,freight_transport,枞阳,swhgz_321865661e46,69,阳码头 新中国建立前，长河岸边为自然码头。1955年后，枞阳闸内外建有1阶、4阶和多阶码头各1座；闸外建直立式货运码头1座，长100米，安装起重机2台，吊杆2部；闸内长河一线建直立式码头3座，其中搬运站岸边码头长60米、长河,high
transport_a9675af67f579f,渡口,waterway,枞阳镇;枞阳,swhgz_321865661e46,70,间。1952年，长江小客轮停靠该港。70年代初，王家套的水陆运输机构迁入该码头，各种船只增多，码头兴旺。 三、渡口 长江渡口 王家渡 该渡俗称洋棚渡，由铁板洲至枞阳镇。1985年7月1日，由县航运公司以钢质机动船渡客，两岸,high
transport_f1ce89688601e2,渡口,waterway,枞阳镇;枞阳,swhgz_321865661e46,70,年，长江小客轮停靠该港。70年代初，王家套的水陆运输机构迁入该码头，各种船只增多，码头兴旺。 三、渡口 长江渡口 王家渡 该渡俗称洋棚渡，由铁板洲至枞阳镇。1985年7月1日，由县航运公司以钢质机动船渡客，两岸设趸船，半小,high
transport_5d11f63b96ec86,渡口,waterway,枞阳镇;枞阳,swhgz_321865661e46,70,元动工兴建，1982年启用。县境北岸是斜坡式码头，长135米，宽20米，水泥路面。轮渡每天往来6个班次。 河湖渡口 芦花渡 该渡现称银洲渡或枞南渡，枞阳镇至广济圩枞南村。新中国建立前，南岸一片芦苇地，开花季节，芦花似雪，为项,high
transport_9105400c30723c,客运,passenger_transport,枞阳,swhgz_321865661e46,70,长码头1座，40吨级船舶可靠岸装卸。该港有装运机械20多台，运输车30辆。 下枞阳码头 是枞阳港主要码头。其中客运码头两座，分靠长航轮船公司客轮、县航运公司渡客轮。货运码头4座，江边有5000平方米货场及码头设施。该4座货运,high
transport_47b04bdf8f9e2b,客运,passenger_transport,,swhgz_321865661e46,70,汤沟门户，为县境中心港口。白荡闸、梳妆台闸建成，县境东部地区货物集中桂家坝港口进出。1955年，航运站于该地建客运码头1座、候船室1幢；后又建直立式货物码头1座。1958年，井边铜矿投资1 7万元建矿沙中转码头l座，长50,high
transport_4873caf3f107d7,货运,freight_transport,枞阳,swhgz_321865661e46,70,多台，运输车30辆。 下枞阳码头 是枞阳港主要码头。其中客运码头两座，分靠长航轮船公司客轮、县航运公司渡客轮。货运码头4座，江边有5000平方米货场及码头设施。该4座货运码头情况如下： 1974年，县农资公司投资，建立正式码,high
transport_2e975a36a0af92,货运,freight_transport,,swhgz_321865661e46,70,客运码头两座，分靠长航轮船公司客轮、县航运公司渡客轮。货运码头4座，江边有5000平方米货场及码头设施。该4座货运码头情况如下： 1974年，县农资公司投资，建立正式码头1座，长100米，宽70米，安装大小吊车各1台，能泊百,high
transport_4a17c6e0d01630,桥梁,bridge,枞阳;桐城,swhgz_321865661e46,71,，系小渡口。 1989年，县境有渡口159处，其中长江渡口54处，内湖渡口105处。 第二节 陆路 一、古道 桥梁 古道 新中国建立前，县内受丘陵山区制约，陆上交通殊感不便，历史形成的城乡道路主要有5条：枞阳至桐城，全程5,high
transport_b60c9cae26cdf1,桥梁,bridge,庐江,swhgz_321865661e46,71,大凹口，全程15公里；钱家铺向左至庐江庙岗，向右至罗昌河，全程均为20公里；周家潭至无为牛埠，全程20公里。 桥梁 人行道上的桥梁，新中国建立前多半是募捐或从公堂义田中集资修建，多为单孔石拱桥和3孔石梁桥。钱桥 ，为3孔石,high
transport_1ef69ebc678017,桥梁,bridge,庐江,swhgz_321865661e46,71,公里；钱家铺向左至庐江庙岗，向右至罗昌河，全程均为20公里；周家潭至无为牛埠，全程20公里。 桥梁 人行道上的桥梁，新中国建立前多半是募捐或从公堂义田中集资修建，多为单孔石拱桥和3孔石梁桥。钱桥 ，为3孔石拱桥，长34米，,high
transport_4fdef98ef51156,驿站,postal/relay,,swhgz_321865661e46,128,知县，兼理武陵，因亲丧去职回家，借贷办理丧事，人称他为“债宦”。丧事毕，补四川巫岭。在任期间，他免除茶税，建置驿站，人民称便。岁荒，捐俸买粟赈饥。民俗信奉女巫，泽烧其神像，鞭挞巫者，改变弊俗。后升任浙江衢州通判，调四川广安知,high
transport_750c607dbe2418,铁路,rail,南京;上海,swhgz_321865661e46,143,占中国矿权的违法活动，凯约翰理屈词穷，无以应对。北京谈判，引起全国人民的关注。五月底，各省代表在上海均益里商办铁路工会召开特别大会，并成立“铜官山矿务局同济会”。宣统三年，方履中以皖矿总理身份赴南京，宣布收回铜官山矿自主开采,high
transport_de7fff7e0227e4,铁路,rail,,swhgz_321865661e46,146,。吴、施二人不满翊儒权位高于己，故意迟迟不行，以致孙美瑶聚众日多，势力日大。民国12年5月某夜，孙美瑶拆除津浦铁路铁轨，劫持车上乘客300多人，其中有美、英、法、意、墨诸国的侨民40余人。孙以此为质，要求督署收编其为正式国军,high
transport_487502daa34f34,铁路,rail,,swhgz_321865661e46,153,治、“青年会派”中的右派汪精卫作坚决斗争。 民国18年夏，史迁学成回国，于北京结识周新民。后来他任职南浔、平汉铁路，从事地下活动，积极组织和发动工人在政治上进行合法斗争，在经济上要求改善待遇，取得卓著的成绩。 抗日战争爆发时,high
transport_63c97b4fce018a,铁路,rail,安徽,swhgz_321865661e46,153,动，积极组织和发动工人在政治上进行合法斗争，在经济上要求改善待遇，取得卓著的成绩。 抗日战争爆发时，史迁在汉口铁路工作，掩护大批青年到革命圣地延安。民国27年，董必武同志调他到大别山工作。史迁到达安徽临时省会立煌 以后，在,high
transport_dce52b999dfb93,铁路,rail,,swhgz_321865661e46,154,形势鼓舞下，子佩赴广州，报考黄埔军校，未成。后经北伐军总政治部章伯钧的介绍，参加北伐战争，随军进入武汉，分配在铁路上工作。学生陈雪吾、章舒容等l0余人，从家乡赴武汉，由子佩介绍给章伯钧，分别参加革命工作，有的还进了武汉农民讲,high
transport_a0bbe1c67a38e5,道路,road,,swhgz_3e8acdade16f,1,最早的公共交通。同年四月，法商有轨电车通车。20世纪初，随着租界的扩张和市政建设的发展，洋人、买办和富商纷纷在道路两旁争购土地，营造私园、住宅，开设店铺、作坊、工厂和娱乐场所，催化境域由宁静乡村向繁华都市急剧演变。 20世纪,high
transport_23144b8757b69f,客运,passenger_transport,静安;上海,swhgz_3e8acdade16f,1,二十七年夏，英商上海华洋德律风公司在静安寺路开设临时电话交换所。光绪三十四年二月，英商有轨电车从静安寺至外滩载客运行，为上海最早的公共交通。同年四月，法商有轨电车通车。20世纪初，随着租界的扩张和市政建设的发展，洋人、买办和,high
transport_72328b9f0e7f08,交通,general_transport,静安;上海,swhgz_3e8acdade16f,1,德律风公司在静安寺路开设临时电话交换所。光绪三十四年二月，英商有轨电车从静安寺至外滩载客运行，为上海最早的公共交通。同年四月，法商有轨电车通车。20世纪初，随着租界的扩张和市政建设的发展，洋人、买办和富商纷纷在道路两旁争购土,high
transport_f4d918f32561f5,道路,road,江宁区;江宁,swhgz_3e8acdade16f,2,民生的积极作用，打击投机倒把，市场逐渐繁荣。接着，开展“三反”、“五反”运动和民主改革，引导私营企业走社会主义道路。1956年实行全行业公私合营，新成、江宁区私营商店6693户、私营工厂3543户全部公私合营，小商贩1927,high
transport_a56fb21c49ace6,道路,road,江宁区;江宁,swhgz_3e8acdade16f,2,成、江宁区私营商店6693户、私营工厂3543户全部公私合营，小商贩19279户、手工业5833户也走上合作化道路。但在改造过程中，把小商贩、小业主全部纳入全行业改造，出现撤并过多、经营集中、生活不便等失误。在“大跃进”的热,high
transport_12916c216c31be,交通,general_transport,,swhgz_3e8acdade16f,2,海海鸟电子股份有限公司，向社会发行股票。至1992年底，区内有万国、申银及外省市证券公司的营业部31家。工商、交通、建设、农业、中国等银行设支行及营业网点55处，以及城市信用社5家，区保险公司1家。 地区工业蓬勃发展。地区工,high
transport_aa1e530d77474a,道路,road,上海市;静安区;静安;南京;上海,swhgz_3e8acdade16f,3,集镇。解放后，经过改造、调整和建设，形成境内西部的商业中心。 静安区地处上海市区的中心，土地等级较高。境内共有道路67条，有南京西路、北京西路、延安中路、延安西路、华山路等13条主要道路，有49条公共交通线路；北依吴淞江，有,high
transport_6ade3680fa60ba,道路,road,上海市;南京;上海,swhgz_3e8acdade16f,3,上海市区的中心，土地等级较高。境内共有道路67条，有南京西路、北京西路、延安中路、延安西路、华山路等13条主要道路，有49条公共交通线路；北依吴淞江，有曹家渡、叉袋角等水路交通。客到上海，南来北往，东穿西行，旅游、观光、购物,high
transport_541aa03d934db7,交通,general_transport,上海,swhgz_3e8acdade16f,3,，逛庙市的人数达400万人次。其范围之广，影响之深，作用之大，远远超出寺庙本身。其二 凭借吴淞江、曹家渡水陆交通的有利条件。吴淞江处于境内北部边沿，自安远路至成都北路，流经境内北部1 63公里。自上海开埠后，中外商人借水,high
transport_8c78700402b829,交通,general_transport,上海市;静安区;静安;上海,swhgz_3e8acdade16f,3,路至梵皇渡，曹家渡一带为列强所觊觎，外国资本家和民族工商业者纷纷在此建厂开店。至20世纪30年代，该地成为一个交通便利、百业兴盛的大集镇。解放后，经过改造、调整和建设，形成境内西部的商业中心。 静安区地处上海市区的中心，土地,high
transport_edf68c23a85f78,交通,general_transport,南京;上海,swhgz_3e8acdade16f,3,地等级较高。境内共有道路67条，有南京西路、北京西路、延安中路、延安西路、华山路等13条主要道路，有49条公共交通线路；北依吴淞江，有曹家渡、叉袋角等水路交通。客到上海，南来北往，东穿西行，旅游、观光、购物、娱乐极为方便。,high
transport_04d5f126d6578c,公路,road,,swhgz_3e8acdade16f,17,站、妇女业余学校等。9月30日，张家宅里弄生产福利合作社成立，有社员401人。随后，还组织一支妇女队伍参加沪闵公路、吴泾铁路和开掘新浏河的义务劳动。涌现许多先进人物，有被誉为“蜻蜓姑娘”的生产能手、工场总主管朱琴；妇女干部庄,high
transport_4fab77218e65e3,铁路,rail,,swhgz_3e8acdade16f,17,余学校等。9月30日，张家宅里弄生产福利合作社成立，有社员401人。随后，还组织一支妇女队伍参加沪闵公路、吴泾铁路和开掘新浏河的义务劳动。涌现许多先进人物，有被誉为“蜻蜓姑娘”的生产能手、工场总主管朱琴；妇女干部庄宝娥进行技,high
transport_c786f6b6f350d5,铁路,rail,上海,swhgz_3e8acdade16f,18,6年前建有木桥，称舢板厂新桥，后坍塌重建，抗战时为日伪拆除，民国36年重建钢筋水泥桥，称恒丰路桥。1986年为铁路上海站工程配套，重建恒丰路大桥，桥长275米，桥面宽29 5米，成为疏通南北车客流的主要干线。1992年在大,high
transport_b6a28af11f4431,渡口,waterway,上海;苏州,swhgz_3e8acdade16f,20,50户，36808人。设19个居民委员会。街道办事处设在康定路888弄3号。 曹家渡原是吴淞江（今苏州河）边的渡口，20世纪初是沪西商业集散地。二三十年代起，先后建成鸿新染织厂、德丰纱厂（今上海十四化纤厂）、公大四厂（今上海,high
transport_04c6d06d1dcd56,码头,waterway,,swhgz_3e8acdade16f,27,水横流，疫病流行，居民饮用土井水，政府当局在昌平路打开消防龙头，每天只供水1小时。居民大都靠出卖劳动力为生，如码头扛运，拉黄包车，当缫丝工等，生活经常处在饥寒交迫之中。居民们还要遭受地痞流氓们欺凌，沪西大流氓、恶霸柏文龙的门,high
transport_9f3212c8cdf73c,货运,freight_transport,,swhgz_3e8acdade16f,37,年前，有酒店20家，大户在外埠设厂自酿，境内设店兼营批发，远销国内外；小户一般是零拷兼堂饮。抗日战争时，绍酒业货运受阻，原有批发业务几陷断绝，而粱烧酒业的仿洋配制酒却异军突起，成为该业发展的旺盛期。此时，境内酒业已发展到76,high
transport_273f491cf9637c,客运,passenger_transport,静安,swhgz_3e8acdade16f,49,沿路两侧德义大楼、沧洲别墅等近代建筑相继落成，商店逐渐出现。光绪三十四年，英商开辟有轨电车线路从静安寺至外滩载客运行，交通畅便。民国元年 前后，民宅里弄敬义坊、西庙弄、慈厚里、老街等陆续建成，人口日众，店铺日增。民国6年，,high
transport_a74013f8c09981,桥梁,bridge,,swhgz_4ce3b5c5c31c,5,成。全书凡76卷33门：卷1图考；卷2～3建置沿革；卷4星野；卷5祥异；卷6疆域（形势附）；卷7～8山川（关津桥梁附）；卷9风俗；卷10城池；卷11兵制；卷12河防；卷13江防、海防；卷14水利；卷15封建；卷16户口（屯田,high
transport_9ba46a9d9b3a10,运河,waterway,,swhgz_4ce3b5c5c31c,6,卷37～42坛庙，卷43～48寺观；河渠志：卷49～53黄河，卷54～55淮，卷56江，卷57海，卷58～60运河，卷61～62水利，卷63～66水利治绩；食货志：卷67～73田赋，卷74～75户口，卷76徭役，卷77～78,high
transport_de1414bdfca98c,铁路,rail,江苏;南通;上海;安徽,swhgz_4ce3b5c5c31c,7,，《度支》之会计、田赋、关征、盐法、税厘，需饷、债务，《货殖》之各业物产、金融等，均按类列表，事丰文省。书中于铁路、电报、电话、邮政、上海电车等清末“新政”，也有较多的记述。康熙，乾隆《江南通志》皆事关江苏、安徽两省，《江苏,high
transport_36364c6c764221,运河,waterway,,swhgz_4ce3b5c5c31c,7,大事志；2方域志：省府州厅县图、历代疆域图、各府州厅图说、海道、建置沿革、星野、诸山；3都水志：黄河、厅汛表、运河、江、淮河、海、水利、水利治绩、水系；4建置志：城池、署廨、津梁、坛庙；5民政志：历代户口表、自治、徭役、善举,high
transport_aba7da710dfdcd,铁路,rail,,swhgz_4ce3b5c5c31c,8,完备，而道光、咸丰，再复文献无征，难以尽全，故亦多缺。风俗简略，而物产未登。《邮传记》之《路政》载光绪初吴淞筑铁路，以屏外而毁之，《航政》记同治于宁、镇、沪诸地，始经营招商局；《邮政》述其事始于海关，驿铺渐废，《邦交记》首列,high
transport_d36c2d8af2da64,交通,general_transport,,swhgz_4ce3b5c5c31c,8,章财政：历年财政概况、财务行政组织、财务行政秩序、支出、收入、债务、整理计划、附录；第5章建设：建设行政组织、交通，水利、邮电、建设经费；第6章实业：实业行政计划、农业、工业、商业、渔业、采矿业、垦牧业、金融业；第7章教育：,high
transport_13308f116ce594,铁路,rail,上海市;南京市;江苏省;江宁;江苏,swhgz_4ce3b5c5c31c,9,述中统加叙述，不再列入各县。当时南京市、上海市已不属江苏省，而在江宁、上海两县中并述南京、上海2市。《交通》分铁路、汽车路、水路3项，各述其起迄及其衔接之路线。中学以上教育均在《总述》中详细叙述，而各县只列入学儿童与失学儿童,high
transport_7eafcd327364f9,交通,general_transport,江宁;南通;松江;上海;镇江,swhgz_4ce3b5c5c31c,9,言及，不求其详也。”《总述》有：沿革、疆域、人口、地势、山脉、川流、湖泊、海岸、气候、民族、言语、教育，宗教、交通、物产、工业等16项。6l县为镇江、武进、无锡、吴县、松江、江都、南通、铜山、崇明、江宁、丹阳、上海、青浦、如,high
transport_6b092581709248,交通,general_transport,南京市;南京;句容;六合;高淳,swhgz_4ce3b5c5c31c,9,、句容、溧水、靖江、仪征、砀山、丰县、六合、高淳、扬中、沛县、启东。每县分沿革、疆域、人口、山川、城市、村镇、交通、教育、物产、工业、名迹等11项。其中有关气候、民族、言语、宗教等项在总述中统加叙述，不再列入各县。当时南京市,high
transport_a064b70753b193,交通,general_transport,上海市;南京市;江苏省;江宁;江苏,swhgz_4ce3b5c5c31c,9,等项在总述中统加叙述，不再列入各县。当时南京市、上海市已不属江苏省，而在江宁、上海两县中并述南京、上海2市。《交通》分铁路、汽车路、水路3项，各述其起迄及其衔接之路线。中学以上教育均在《总述》中详细叙述，而各县只列入学儿童与,high
transport_4c73c97ef0feef,道路,road,江宁府;六合县;江宁;六合,swhgz_4ce3b5c5c31c,10,栏，分别记述各县治的经纬度等情况。《黄河北岸堤工》及其以下各表以八卦名称及干支、数码编号，系统记述河流、堤工、道路的长度。每表之下往往再设若干分表，分段记述有关情况，如《江宁府干路表》即设有自府城仪凤门起至六合县东门止、自仙,high
transport_3a65c34341d9fb,桥梁,bridge,,swhgz_4ce3b5c5c31c,10,凡例”，《凡例》中还有关于比例、图例的说明：“（每方寸）县图为五里方，府图为十里方，全司总图为二十里方”，“（桥梁牐坝）谨改作长方形，长短宽窄各按分率”，可知除此之外尚有舆图，而此册只不过是舆图的文字说明而已。书中基本内容有,high
transport_8ec0368fb93dd1,交通,general_transport,,swhgz_4ce3b5c5c31c,10,形，长短宽窄各按分率”，可知除此之外尚有舆图，而此册只不过是舆图的文字说明而已。书中基本内容有三：政区、水利、交通，主要特点亦有三：科学、精确、翔实。科学即态度科学，所谓“均以实量句股纵横之数定城方位”（《后序》）。精确即记,high
transport_99849fda70e6c5,桥梁,bridge,,swhgz_4ce3b5c5c31c,12,志》卷12引顾夷《吴地记》1条、引顾夷《记》1条、顾《记》3条。诸书所引此书佚文，属山川者15条、城池者6条、桥梁者2条。 （张修银） 吴地记 环氏撰。 《太平御览》卷971《果部》8《豆蔻》： “环氏《吴地记》曰： ‘黄,high
transport_b3f940d5907981,桥梁,bridge,建康,swhgz_4ce3b5c5c31c,12,录。”佚于何时未详。《 建康志》卷16《疆域志》“镇市”中的小市，“坊里”中的长千里，“街巷”中的乌衣巷，“桥梁”中的镇淮桥，卷17《山川志》“山阜”中的钟山，紫岩山、东庐山、铁冶山、横山、蒋山、石头山、“冈岭”中的段石冈,high
transport_c99de5ba292781,桥梁,bridge,,swhgz_4ce3b5c5c31c,13,墓”中的雨花台、“碑碣”中的吴后主纪功之段石碑等，凡引《丹阳记》25条。从现存佚文看，此书内容涉及山川、城郭、桥梁、亭轩、第宅、陵墓、寺院、碑碣、疆域、分野、镇市、坊里、街巷，铺驿、湖塘、井泉、宫殿、堂馆、台观等诸多方面，记,high
transport_7987ecb572f689,道路,road,,swhgz_4ce3b5c5c31c,14,、地所属国、地所属州、地所属郡、地所置侨郡、地所置府、地所统县、地所接四境、镇市、乡村、坊里（巷陌附）、铺驿、道路，桥航、津渡、堰埭；卷17～19山川志：山阜、冈岭（岘坡堆附）、江湖（淮附）、溪涧、河港、沟渎、池塘、井,high
transport_f40ebbef2ae026,铁路,rail,,swhgz_4ce3b5c5c31c,19,有民国19年《自序》、凡例、目录。全书不设卷而分立10章： 1沿革；2形势（位置、气候、形势、风景）；3交通（铁路、航路、山峰、街市、桥梁、村庄、电报、邮政）；4古迹（摄山、栖霞寺、千佛岩、舍利塔、纱帽峰、紫盆峰、凤翔峰、天,high
transport_04b45043c59c4a,道路,road,,swhgz_4ce3b5c5c31c,27,称“戚氏续志”，或称“戚氏志”，或称“戚氏云”，或称“新志”。内容涉及图考、建置沿革、坊巷、乡里、铺驿、山川、道路、桥梁，赋税、古迹、祠宇、碑刻，人物等方面。从今存佚文看，记述颇为翔实。如仅桥梁一类有斗门桥、仙人桥等10座，,high
transport_605dcfa59fd283,公路,road,,swhgz_4ce3b5c5c31c,31,3科教育分5章：1．学校教育、2．社会教育、3．私塾教育、4．视导制度、5．师资与经费；第4科建设分7章：1．公路、2．水利、3．农村金融与救济、4．蚕桑事业、5．农村事业、6．工商行政、7．迂治工程；第5科公安分4章：1．,high
transport_9ded1b7a5ebc67,铁路,rail,,swhgz_4ce3b5c5c31c,34,礼俗志：祀典（特祀、官祀、私祀）、风俗（方言、谣谚）、宗教（佛教、道教、耶教、回教）；8．交通志：陆路、驿路、铁路、航政、邮政、电报；9．兵防志：兵事、军政沿革、防军、保卫团；10．警务志：县警察、各乡镇警察、水上警察、消防,high
transport_09ef75f0cf23f5,道路,road,,swhgz_4ce3b5c5c31c,36,记事止于清宣统3年（1911）。卷首舆图；卷1～3地理：沿革表、界至、形胜、晷度、山脉、水道、市乡、交通（水陆道路、邮政，小轮）、风俗、物产；卷4～6赋税：户口、田赋、厘税、杂税表（附地方公共款产）；卷7～8学校：学官、殿庑,high
transport_7381d63d13926f,道路,road,高淳,swhgz_4ce3b5c5c31c,41,、格致3科15条设纲立目。历史科：建置、政绩、兵事、耆旧、人类、户口、氏族、宗教、实业；地理科：方域、山、水、道路；格致科：物产、商务、考查编次。资料大致取自高淳旧志、当时见闻。是志虽为小学教科书，但与一般乡土教材不同。一是,high
transport_d1501ab81f006d,运河,waterway,太湖,swhgz_4ce3b5c5c31c,47,30年，侯鸿鉴编成此书，以作为城乡各小学的启蒙读物。上卷凡24课8目：1建置及疆界，2乡区之沿革，3～4水道（运河，太湖），5～7山（惠山、邑中诸山），8～21城市之状况（衙署及学宫之大略，东林书院之沿革、学堂、善举、庙祀、,high
transport_325740f600fbcd,驿站,postal/relay,无锡县;无锡,swhgz_4ce3b5c5c31c,50,》、嘉庆《无锡金匮县志》、道光《无锡金匮续志》均有引用。从诸志引文看，此志主要记述无锡一地的城廓、坊市、廨舍、驿站、税务、土产、寺庵、杂识等。识者评其“失之驳”（弘治《无锡县志》秦夔序）。 （钱建中） 人物志补遗 （明）尤镗,high
transport_80308c6226da05,运河,waterway,,swhgz_4ce3b5c5c31c,63,序，凡例、捐修姓氏，新修铜山县志姓氏，四境图，县城图，学宫图，县署图，云龙山图、云龙书院图、子房山图、黄河图、运河图；卷1分野，疆域，建置（沿革表附）、封建、形势，风俗、城池，山川，都鄙乡镇（塾堡，桥梁附），驿递、河防；卷2,high
transport_5dc5f0046869d5,运河,waterway,,swhgz_4ce3b5c5c31c,64,考，第8篇卷10～12建置考（城池，域寨、官署、局所，坛庙，桥梁），第9篇卷13山川考，第10篇卷14河防考（运河附），第11篇卷15田赋考（丁口、仓储、杂租，课税附），第12篇卷16学校考，第13篇卷17武备考（河营、驿递,high
transport_ba5e768580bc6b,驿站,postal/relay,,swhgz_4ce3b5c5c31c,72,赋，钱粮、财赋、土产；卷5山川；卷6宫室，祠、庙，寺，观，院，庵，宫，殿、坛壝；卷7官制，公署，税务，仓，库，驿站，急递铺、申明亭（杂造局）、惠民药局（递运所），河泊所、养济院、学校；卷8兵防，营寨，寇警、形势，古迹，池亭，,high
transport_36cf877f4fe8c3,驿站,postal/relay,,swhgz_4ce3b5c5c31c,72,8兵防，营寨，寇警、形势，古迹，池亭，台、石，庄、堂、舍，轩、墩，宅，官寺，府治，县治，巡检司（场务，仓，馆舍驿站，急递铺、局、院、刑狱、冢墓）；卷9宦绩、历代封统；卷10年表；卷11人物（寓贤）；卷12人物：显官，道学（杂,high
transport_b9b3c303264d90,驿站,postal/relay,,swhgz_4ce3b5c5c31c,72,9诏敕、制书，辞状，碑碣，祥异，杂录，辨疑、纪遗。体例基本沿袭旧志，但类目设置较错杂繁琐。如卷7设有《仓》，《驿站》，《急递铺》等，卷8又复出。编纂方法汇而不纂，主要是汇集前此诸志所记，在每一门目下，依次引录《 毗陵志》、,high
transport_21a9dfe1cbd7ae,驿站,postal/relay,,swhgz_4ce3b5c5c31c,74,革、至到、城郭、坊乡、镇、桥梁、渠堰、户口，田赋，钱粮、山川、庙、寺、观、院，坛壝、宫制、公署、税务、仓、库、驿站、养济院、学校、营寨、宫寺、冢墓、宦绩、历代封统、年表、显宦、文学、贡举、隐逸、文章。书中对元朝史实记载过于简,high
transport_24517c80ea4b58,渡口,waterway,,swhgz_4ce3b5c5c31c,86,”，“其民勤”，“其俗厚”、“其屋字固”、“其冠服朴”，“其婚丧俭而少文”，较为切合当地特点。《杂记》记乡村、渡口、桥梁、湾港、洲矶等名，亦与他志不同。 （叶瑞宝） 具区志 十六卷／（清）翁澍纂修·—康熙28年 《1689,high
transport_ccc4b7e3ae6754,渡口,waterway,,swhgz_4ce3b5c5c31c,86,。凡16卷，设图、志、杂记11目。卷首有具区图。卷1本志；卷2七十二山；卷3支山、峰岭、湾坞；卷4洲矶、港渎、渡口、泉石、桥梁；卷5水利、用兵；卷6都图（附户口、田赋、土产）；卷7乡里、村巷、风俗；卷8古迹、名迹；卷9官署（,high
transport_402580510f8dfc,码头,waterway,上海;太仓,swhgz_4ce3b5c5c31c,121,》记禁海盗、御倭寇之事甚详。《海运志》元岁运数逐年记载历年漕粮海运情况，海道则注重记述自上海至北直隶大沽口杨村码头间航线的变化。当时太仓佃户偏喜种棉，而米价腾贵，地主强责佃户种稻，又惜工本不愿开河，使佃户戽水灌田，而河道尽塞,high
transport_3dde48382a4396,公路,road,,swhgz_4ce3b5c5c31c,126,《穿山志稿自序》）“人物”增删的就更多。其设目本《穿山小识》而略有变动，卷上山考（市集附）、溪桥（义井、电讯、公路附）、园居、祠墓（坊表、庙宇附）、学校、选举、人物（列女、流寓、氏族附）；卷下艺文（诗征附）、杂记、旧序。前有,high
transport_d282fc0ab79062,公路,road,,swhgz_4ce3b5c5c31c,126,间近山居民景升氏凿池得桅梢，径尺许。其为海中岛无疑”，又“今山在平陆，去海二十里”，可证海陆的变迁。所记电讯、公路，也略见近代科技于农村发展的痕迹，还记有1940年7月，日寇清乡给人民造成的灾难等，均为值得重视的史料。 （周,high
transport_cba2bd8398da42,公路,road,,swhgz_4ce3b5c5c31c,158,；卷15杂志。记事自民国初年起，止于民国24午。所列篇目基本上反映了民国时期海门的社会状况。党务、议会、学校、公路，实业等均已载入。对《人物志》已有所改革，“烈女”已不入志，而旧志如科举、仕宦、封赠、旌表等均代之以对各行业公,high
transport_2c75d85f3e9bf7,公路,road,,swhgz_4ce3b5c5c31c,159,河道。1918年，奉张謇之命视察淮河水道，办理救济灾民事宜。一年后回海从事海门农田水利建设，测绘并负责建成通海公路，疏浚了全县各主要河道。1938年，长江口淤沙阻塞，长江沿岸倒坍严重，范于在野之身，—走呼号，精心测订并建成拦,high
transport_ad10bc21056b31,码头,waterway,徐州,swhgz_4ce3b5c5c31c,171,北大学堂、江北高等学堂等高等教育的兴办，宣统期间清徐（徐州）、瓜（瓜洲）清、海（海州）清铁路的筹划、勘测，臧家码头至杨庄段22华里铁路的筑成与通车，以及江北电报局的创设，经费、业务等，书中记述都颇为详实。《忠义》所附《辛亥烈,high
